,aspect,head_word,head_word_tag_new,lematized_words,ner,next_words,ortho_features,pos_tag,post_word_tag,pre_word_tag,prev_words,stopword,token_freq,word,word_len
0,0,1,10,42,0,135,1,13,24,0,0,0,0,42,0
1,1,0,0,162,0,302,0,24,14,14,40,0,0,169,1
2,0,1,10,313,0,94,0,13,5,25,156,1,0,336,0
3,0,0,0,126,0,369,0,4,10,14,309,1,0,128,0
4,0,1,7,376,0,87,0,9,1,5,118,0,0,403,1
5,0,0,0,120,0,500,0,0,10,10,373,1,0,121,0
6,0,0,0,495,0,529,0,9,22,1,111,0,0,534,1
7,0,0,0,522,0,541,0,22,3,10,494,0,0,563,1
8,0,0,0,534,0,153,0,2,10,23,520,1,1,575,0
9,1,1,7,180,0,613,0,9,5,3,531,0,0,187,1
10,0,0,0,596,0,344,0,4,14,10,172,1,0,647,1
11,0,1,10,352,0,103,0,13,5,5,600,1,0,378,0
12,0,0,0,135,0,378,0,4,5,14,349,1,0,137,1
13,0,0,0,385,0,541,0,4,3,5,127,1,0,412,0
14,0,0,0,534,0,252,0,2,6,5,381,1,1,575,0
15,0,0,0,268,0,101,0,5,10,3,531,0,0,286,1
16,1,1,7,133,0,319,0,9,10,6,261,0,0,135,1
17,1,1,7,329,0,0,0,9,0,10,125,0,0,353,1
0,0,1,10,42,0,113,1,13,21,0,0,0,0,42,0
1,0,0,0,152,0,68,0,21,3,14,40,0,0,147,1
2,0,0,0,102,0,30,0,2,11,22,137,1,0,102,0
3,1,0,0,39,0,49,0,10,11,3,94,0,0,39,0
4,0,0,0,69,0,23,1,10,11,11,37,0,0,69,1
5,0,0,0,29,0,3,0,10,2,11,65,0,0,29,0
6,0,0,0,2,0,312,0,1,10,11,28,0,0,2,1
7,0,1,7,322,0,87,0,9,1,2,3,0,0,346,1
8,0,0,0,120,0,265,0,0,24,10,319,1,0,121,0
9,0,0,0,278,0,259,0,24,23,1,111,1,0,299,1
10,0,0,0,278,0,505,0,23,16,25,273,1,0,293,0
11,0,0,0,500,0,341,0,15,6,24,267,1,0,539,0
12,0,0,0,349,0,424,0,5,12,16,497,0,0,375,1
13,0,1,9,430,0,613,0,11,5,6,346,0,0,458,1
14,0,0,0,596,0,541,0,4,3,12,425,1,0,647,1
15,0,0,0,534,0,146,0,2,10,5,600,1,0,575,0
16,1,1,7,173,0,0,0,9,0,3,531,0,0,180,1
0,0,0,0,87,0,533,1,2,10,0,0,0,0,87,0
1,1,0,0,525,0,258,0,9,10,3,80,0,0,567,1
2,1,1,7,273,0,544,0,9,16,10,524,0,0,292,0
3,0,0,0,537,0,468,0,15,21,10,266,1,0,578,1
4,0,0,0,473,0,541,0,21,3,16,534,0,0,502,1
5,0,0,0,534,0,485,0,2,10,22,465,1,2,575,0
6,1,0,0,482,0,132,0,9,10,3,531,0,0,519,1
7,1,1,7,159,0,179,0,9,25,10,480,0,0,166,1
8,0,0,0,204,0,371,0,25,16,10,153,1,0,213,1
9,0,0,0,378,0,178,0,15,20,26,194,1,0,405,0
10,0,0,0,204,0,1,0,20,2,16,375,1,0,212,0
11,1,0,0,0,0,555,1,1,19,21,193,0,1,0,0
12,0,0,0,547,0,1,0,18,2,2,1,1,2,589,0
13,1,0,0,0,0,199,1,1,10,19,545,0,1,0,0
14,0,1,7,223,0,87,0,9,1,2,1,0,0,233,1
15,0,0,0,120,0,31,0,0,14,10,213,1,0,121,0
16,0,1,10,42,0,265,1,13,24,1,111,0,1,42,0
17,0,0,0,278,0,555,0,24,19,14,40,1,0,299,1
18,0,0,0,547,0,174,0,18,20,25,273,1,2,589,0
19,0,0,0,200,0,357,0,20,15,19,545,0,0,208,1
20,0,0,0,364,0,148,0,14,10,21,189,1,1,391,0
21,0,1,7,175,0,555,0,9,19,15,362,0,0,182,1
22,0,0,0,547,0,541,0,18,3,10,167,1,2,589,0
23,0,0,0,534,0,469,0,2,12,19,545,1,2,575,0
24,1,0,0,467,0,532,0,11,10,3,531,0,0,503,1
25,1,1,7,524,0,608,0,9,26,12,466,0,0,566,1
26,0,0,0,591,0,300,0,26,25,10,523,1,1,642,1
27,0,0,0,134,0,541,0,25,3,27,595,1,0,334,0
28,0,0,0,534,0,460,0,2,6,26,307,1,2,575,0
29,1,0,0,462,0,490,0,5,10,3,531,0,0,494,1
30,0,1,7,486,0,608,0,9,26,6,457,0,0,524,1
31,0,0,0,591,0,31,0,26,14,10,485,1,1,642,1
32,0,1,10,42,0,113,1,13,21,27,595,0,1,42,0
33,0,0,0,152,0,357,0,21,15,14,40,0,0,147,1
34,0,0,0,364,0,362,0,14,10,22,137,1,1,391,0
35,0,1,7,369,0,236,0,9,5,15,362,0,0,396,1
36,0,0,0,258,0,0,0,4,0,10,367,1,0,270,1
0,0,1,10,42,0,299,1,13,21,0,0,0,0,42,0
1,0,0,0,311,0,363,0,21,12,14,40,0,0,333,1
2,0,1,9,370,0,87,0,11,1,22,306,0,0,397,1
3,0,0,0,120,0,474,0,0,21,12,368,1,0,121,0
4,0,0,0,472,0,541,0,21,3,1,111,0,0,508,0
5,0,0,0,534,0,62,0,2,11,22,470,1,0,575,0
6,1,1,8,92,1,44,1,10,11,3,531,0,0,92,1
7,0,0,0,58,0,43,0,10,11,11,85,0,0,58,1
8,0,0,0,57,0,0,0,10,0,11,54,0,0,57,1
0,0,0,0,87,0,392,1,2,6,0,0,0,0,87,0
1,0,0,0,399,0,164,0,5,10,3,80,1,0,426,1
2,1,1,7,191,0,31,0,9,14,6,395,0,0,198,0
3,0,1,10,42,0,259,1,13,21,10,182,0,0,42,0
4,0,0,0,278,0,68,0,21,3,14,40,1,0,293,0
5,0,0,0,102,0,417,0,2,10,22,267,1,4,102,0
6,0,1,7,423,0,555,0,9,19,3,94,0,0,451,1
7,0,0,0,547,0,178,0,18,20,10,419,1,3,589,0
8,0,0,0,204,0,224,0,20,5,19,545,1,0,212,0
9,0,0,0,249,0,68,0,4,3,21,193,1,0,258,0
10,0,0,0,102,0,482,0,2,10,5,237,1,4,102,0
11,0,1,7,480,0,94,0,9,5,3,94,0,0,516,1
12,0,0,0,126,0,68,0,4,3,10,477,1,0,128,0
13,0,0,0,102,0,314,0,2,6,5,118,1,4,102,0
14,0,0,0,324,0,149,0,5,10,3,94,0,0,348,1
15,0,1,7,176,0,290,0,9,5,6,320,0,0,183,1
16,0,0,0,302,0,564,0,4,10,10,168,1,0,324,0
17,0,1,7,554,0,331,0,9,12,5,298,0,0,598,1
18,0,1,9,339,0,378,0,11,5,10,553,0,0,365,1
19,0,0,0,385,0,403,0,4,12,12,336,1,0,412,0
20,0,1,9,409,0,323,0,11,6,5,381,0,0,437,1
21,0,0,0,333,0,553,0,5,10,12,406,0,0,357,1
22,1,1,7,546,0,555,0,9,19,6,328,0,0,587,1
23,0,0,0,547,0,416,0,18,20,10,543,1,3,589,0
24,0,0,0,422,0,87,0,20,1,19,545,0,0,450,1
25,0,0,0,120,0,265,0,0,20,21,418,1,0,121,0
26,0,0,0,278,0,555,0,20,19,1,111,1,0,299,1
27,0,0,0,547,0,486,0,18,20,21,273,1,3,589,0
28,1,0,0,483,0,580,0,20,18,19,545,0,0,520,0
29,0,0,0,568,0,68,0,17,3,21,481,1,0,614,0
30,0,0,0,102,0,146,0,2,10,18,569,1,4,102,0
31,1,1,7,173,0,555,0,9,19,3,94,0,0,180,1
32,0,0,0,547,0,68,0,18,3,10,166,1,3,589,0
33,0,0,0,102,0,429,0,2,10,19,545,1,4,102,0
34,0,1,7,435,0,193,0,9,10,3,94,0,0,463,1
35,0,0,0,217,0,0,0,9,0,10,430,0,0,227,0
0,0,1,10,313,0,300,0,13,25,0,0,1,0,336,0
1,0,0,0,134,0,378,0,25,5,14,309,1,5,334,0
2,0,0,0,385,0,273,0,4,6,26,307,1,1,412,0
3,0,0,0,284,0,437,0,5,10,5,381,0,0,307,1
4,1,1,7,441,0,264,0,9,25,6,281,0,0,471,1
5,0,0,0,278,0,68,0,25,3,10,438,1,0,298,0
6,0,0,0,102,0,308,0,2,10,26,272,1,0,102,0
7,0,0,0,319,0,27,0,9,11,3,94,0,0,342,1
8,1,1,8,35,1,300,0,10,25,10,315,0,0,35,0
9,0,0,0,134,0,209,0,25,16,11,33,1,5,334,0
10,0,0,0,233,0,515,0,15,6,26,307,0,0,243,1
11,0,0,0,510,0,300,0,5,25,16,222,0,0,549,1
12,0,0,0,134,0,274,0,25,16,6,507,1,5,334,0
13,0,0,0,285,0,200,0,15,6,26,307,0,0,308,1
14,0,0,0,224,0,300,0,5,25,16,282,0,0,234,1
15,0,0,0,134,0,120,0,25,23,6,214,1,5,334,0
16,0,0,0,149,0,613,0,23,5,26,307,0,0,154,1
17,0,0,0,596,0,331,0,4,12,24,142,1,0,647,1
18,0,1,9,339,0,378,0,11,5,5,600,0,0,365,1
19,0,0,0,385,0,592,0,4,16,12,336,1,1,412,0
20,0,0,0,577,0,252,0,15,6,5,381,1,0,626,1
21,0,0,0,268,0,89,0,5,12,16,580,0,0,286,1
22,1,1,9,122,0,300,0,11,25,6,261,0,0,123,1
23,0,0,0,134,0,187,0,25,6,12,113,1,5,334,0
24,0,0,0,211,0,555,0,5,19,26,307,0,0,221,1
25,0,0,0,547,0,585,0,18,20,6,202,1,0,589,0
26,1,0,0,572,0,87,0,20,1,19,545,0,0,619,0
27,0,0,0,120,0,300,0,0,25,21,574,1,0,121,0
28,0,0,0,134,0,72,0,25,16,1,111,1,5,334,0
29,0,0,0,106,0,253,0,15,6,26,307,0,0,106,1
30,0,0,0,269,0,0,0,5,0,16,98,0,0,287,1
0,0,0,0,32,1,555,1,10,19,0,0,0,0,32,1
1,0,0,0,547,0,517,0,18,20,11,31,1,0,589,0
2,1,0,0,512,0,580,0,20,18,19,545,0,0,551,1
3,0,0,0,568,0,87,0,17,1,21,508,1,0,614,0
4,0,0,0,120,0,179,0,0,25,18,569,1,0,121,0
5,0,0,0,204,0,371,0,25,16,1,111,1,0,213,1
6,0,0,0,378,0,395,0,15,20,26,194,1,0,405,0
7,0,0,0,402,0,93,0,20,16,16,375,0,0,429,1
8,0,0,0,125,0,354,0,15,6,21,398,1,1,127,0
9,0,0,0,361,0,93,0,5,5,16,117,0,0,388,1
10,0,0,0,125,0,392,0,4,6,6,359,1,1,127,0
11,0,0,0,399,0,313,0,5,12,5,117,1,0,426,1
12,0,1,9,323,0,0,0,11,0,6,395,0,0,347,1
0,0,0,0,77,1,592,1,5,16,0,0,0,0,77,0
1,0,0,0,577,0,54,0,15,6,6,71,1,0,626,1
2,0,0,0,75,1,0,0,5,0,16,580,0,0,75,0
0,0,1,10,42,0,194,1,13,16,0,0,0,0,42,0
1,0,0,0,218,0,254,0,15,21,14,40,0,0,228,1
2,0,0,0,265,0,357,0,21,15,16,208,0,0,288,0
3,0,0,0,364,0,536,0,14,10,22,262,1,0,391,0
4,0,0,0,528,0,511,0,9,10,15,362,0,0,570,1
5,0,0,0,506,0,386,0,9,2,10,526,0,0,545,0
6,1,1,1,393,0,103,0,1,5,10,503,0,0,420,0
7,0,0,0,135,0,378,0,4,5,2,389,1,0,137,1
8,0,0,0,385,0,541,0,4,3,5,127,1,0,412,0
9,0,0,0,534,0,214,0,2,12,5,381,1,0,575,0
10,1,1,9,238,0,539,0,11,5,3,531,0,0,248,1
11,0,0,0,532,0,302,0,4,14,12,227,1,0,573,1
12,0,1,10,313,0,380,0,13,25,5,529,1,0,336,0
13,0,0,0,387,0,321,0,25,5,14,309,0,0,414,1
14,0,0,0,331,0,285,0,4,27,26,383,0,0,355,1
15,1,1,16,297,0,50,0,27,11,5,326,0,0,319,1
16,1,1,8,70,1,242,1,10,10,28,293,0,0,70,1
17,1,0,0,262,0,99,0,9,10,11,66,0,0,276,1
18,1,1,7,131,0,87,0,9,1,10,251,0,0,133,1
19,0,0,0,120,0,351,0,0,7,10,123,1,0,121,0
20,0,1,6,358,0,0,0,6,0,1,111,1,0,385,1
0,0,0,0,60,1,555,1,9,19,0,0,0,0,60,1
1,0,0,0,547,0,475,0,18,20,10,56,1,0,589,0
2,0,0,0,473,0,68,0,20,3,19,545,0,0,509,0
3,0,0,0,102,0,48,0,2,10,21,471,1,1,102,0
4,0,1,7,67,0,539,0,9,26,3,94,0,0,67,0
5,0,0,0,532,0,128,0,26,9,10,63,1,0,573,1
6,0,0,0,156,0,371,0,8,16,27,529,1,0,162,0
7,0,0,0,378,0,525,0,15,20,9,149,1,0,405,0
8,1,0,0,519,0,68,0,20,3,16,375,0,0,559,1
9,0,0,0,102,0,131,0,2,10,21,516,1,1,102,0
10,1,0,0,158,0,406,0,9,10,3,94,0,0,165,1
11,1,1,7,412,0,300,0,9,25,10,152,0,0,440,1
12,0,0,0,134,0,317,0,25,7,10,409,1,0,334,0
13,0,0,0,327,0,538,0,6,5,26,307,0,0,351,1
14,0,0,0,531,0,587,0,4,10,7,322,1,0,572,1
15,0,0,0,573,0,0,0,9,0,5,528,0,0,621,1
0,0,0,0,36,1,312,1,10,25,0,0,0,0,36,1
1,0,1,15,322,0,539,0,25,5,11,34,0,0,346,1
2,0,0,0,532,0,380,0,4,25,26,319,1,0,573,1
3,0,0,0,387,0,341,0,25,6,5,529,0,0,414,1
4,0,0,0,349,0,257,0,5,6,26,383,0,0,375,1
5,0,0,0,272,0,214,0,5,12,6,346,0,0,291,1
6,1,1,9,238,0,0,0,11,0,6,265,0,0,248,1
0,0,1,10,540,0,265,0,13,24,0,0,1,0,581,1
1,0,0,0,278,0,181,0,24,23,14,537,1,0,299,1
2,0,0,0,204,0,72,0,23,16,25,273,0,0,215,1
3,0,0,0,106,0,372,0,15,10,24,196,0,0,106,1
4,0,1,7,379,0,555,0,9,19,16,98,0,0,406,1
5,0,0,0,547,0,221,0,18,20,10,376,1,0,589,0
6,0,0,0,246,0,541,0,20,3,19,545,0,0,255,0
7,0,0,0,534,0,146,0,2,10,21,234,1,0,575,0
8,1,1,7,173,0,423,0,9,10,3,531,0,0,180,1
9,0,1,7,429,0,0,0,9,0,10,166,0,0,457,1
0,0,0,0,66,0,369,1,1,10,0,0,0,0,66,0
1,0,1,7,376,0,31,0,9,14,2,62,0,0,403,1
2,0,1,10,42,0,572,1,13,21,10,373,0,1,42,0
3,0,0,0,560,0,541,0,21,3,14,40,0,0,606,1
4,0,0,0,534,0,231,0,2,6,22,561,1,1,575,0
5,0,0,0,254,0,548,0,5,10,3,531,0,0,265,1
6,0,1,7,541,0,379,0,9,18,6,244,0,0,582,1
7,0,0,0,386,0,78,0,17,5,10,538,1,0,413,0
8,0,0,0,112,0,588,0,4,22,18,382,1,0,112,1
9,1,0,0,572,0,302,0,22,14,5,103,0,0,622,1
10,0,1,10,313,0,541,0,13,3,23,576,1,2,336,0
11,0,0,0,534,0,367,0,2,6,14,309,1,1,575,0
12,0,0,0,374,0,164,0,5,10,3,531,0,0,401,1
13,1,1,7,191,0,31,0,9,14,6,372,0,0,198,0
14,0,1,10,42,0,571,1,13,24,10,182,0,1,42,0
15,0,0,0,560,0,302,0,24,14,14,40,0,0,605,1
16,0,1,10,313,0,384,0,13,5,25,560,1,2,336,0
17,0,0,0,391,0,370,0,4,3,14,309,1,0,418,0
18,0,0,0,377,0,27,0,2,11,5,387,1,0,404,0
19,1,1,8,35,0,477,0,10,10,3,374,0,0,35,0
20,1,1,7,475,0,81,0,9,3,11,33,0,0,511,1
21,0,0,0,115,0,162,0,2,6,10,472,1,0,115,0
22,0,1,5,189,0,414,0,5,10,3,105,0,0,196,1
23,1,0,0,420,0,320,0,9,21,6,180,0,0,448,1
24,1,1,13,330,0,520,0,21,6,10,416,0,1,354,1
25,0,0,0,514,0,262,0,5,6,22,325,0,1,554,1
26,1,0,0,276,0,183,0,5,10,6,511,0,0,296,1
27,1,0,0,207,0,320,0,9,10,6,270,0,0,217,1
28,1,1,7,330,0,520,0,9,6,10,198,0,1,354,1
29,0,0,0,514,0,87,0,5,1,10,325,0,1,554,1
30,0,0,0,120,0,371,0,0,16,6,511,1,0,121,0
31,0,0,0,378,0,222,0,15,22,1,111,1,0,405,0
32,0,0,0,247,0,93,0,22,5,16,375,0,0,256,1
33,0,0,0,125,0,302,0,4,14,23,235,1,0,127,0
34,0,1,10,313,0,589,0,13,16,5,117,1,2,336,0
35,0,0,0,574,0,179,0,15,25,14,309,0,0,623,1
36,0,0,0,204,0,0,0,25,0,16,577,1,0,213,1
0,0,0,0,82,0,418,1,15,16,0,0,0,0,82,1
1,0,0,0,424,0,420,0,15,6,16,76,0,0,452,1
2,0,0,0,426,0,122,0,5,1,16,420,0,0,454,1
3,0,0,0,151,0,31,0,0,14,6,422,1,0,156,0
4,0,1,10,42,0,265,1,13,24,1,144,0,0,42,0
5,0,0,0,278,0,104,0,24,23,14,40,1,0,299,1
6,0,0,0,134,0,436,0,23,22,25,273,1,0,138,1
7,0,0,0,440,0,379,0,22,18,24,128,0,0,470,1
8,0,0,0,386,0,348,0,17,10,23,437,1,0,413,0
9,0,1,7,355,0,224,0,9,5,18,382,0,0,382,1
10,0,0,0,249,0,68,0,4,3,10,353,1,0,258,0
11,0,0,0,102,0,609,0,2,10,5,237,1,1,102,0
12,0,1,7,592,0,93,0,9,5,3,94,1,0,643,1
13,0,0,0,102,0,68,0,4,3,10,596,1,0,127,0
14,0,0,0,102,0,323,0,2,6,5,117,1,1,102,0
15,0,0,0,333,0,39,0,5,11,3,94,0,0,357,1
16,0,0,0,53,0,25,1,10,11,6,328,0,0,53,1
17,0,1,8,33,0,87,1,10,1,11,50,0,0,33,1
18,0,0,0,120,0,218,0,0,16,11,32,1,0,121,0
19,0,0,0,243,0,254,0,15,21,1,111,0,0,252,1
20,0,0,0,265,0,555,0,21,19,16,231,0,0,288,0
21,0,0,0,547,0,585,0,18,20,22,262,1,0,589,0
22,1,0,0,572,0,302,0,20,14,19,545,0,0,619,0
23,0,1,10,313,0,0,0,13,0,21,574,1,0,336,0
0,0,0,0,56,0,388,1,14,6,0,0,0,0,56,0
1,0,0,0,395,0,176,0,5,10,15,53,1,1,422,1
2,0,1,7,202,0,613,0,9,5,6,391,0,0,210,1
3,0,0,0,596,0,541,0,4,3,10,191,1,0,647,1
4,0,0,0,534,0,4,0,2,2,5,600,1,3,575,0
5,1,0,0,3,0,347,1,1,10,3,531,0,0,3,0
6,0,1,7,354,0,300,0,9,25,2,4,0,0,381,1
7,0,0,0,134,0,539,0,25,5,10,352,1,1,334,0
8,0,0,0,532,0,547,0,4,14,26,307,1,1,573,1
9,0,1,10,540,0,90,0,13,24,5,529,1,0,581,1
10,0,0,0,134,0,541,0,24,3,14,537,1,0,124,0
11,0,0,0,534,0,388,0,2,6,25,114,1,3,575,0
12,0,0,0,395,0,387,0,5,12,3,531,1,1,422,1
13,0,1,9,394,0,290,0,11,5,6,391,0,0,421,1
14,0,0,0,302,0,541,0,4,3,12,390,1,0,324,0
15,0,0,0,534,0,37,0,2,11,5,298,1,3,575,0
16,0,0,0,51,1,51,0,10,11,3,531,0,0,51,1
17,1,0,0,72,0,322,1,10,10,11,48,0,0,72,0
18,1,1,7,332,0,580,0,9,16,11,68,0,0,356,1
19,0,0,0,568,0,615,0,15,5,10,327,1,0,614,0
20,0,0,0,598,0,86,0,4,3,16,569,0,0,649,1
21,0,0,0,119,0,283,0,2,10,5,602,1,0,120,0
22,1,0,0,295,0,391,0,9,1,3,110,0,0,317,0
23,0,0,0,398,0,284,0,0,10,10,291,1,0,425,0
24,1,0,0,296,0,425,0,9,10,1,394,0,0,318,0
25,1,1,7,431,0,87,0,9,1,10,292,0,0,459,1
26,0,0,0,120,0,186,0,0,6,10,426,1,0,121,0
27,0,0,0,210,0,256,0,5,12,1,111,0,0,220,1
28,1,0,0,271,0,130,0,11,12,6,201,0,0,290,1
29,1,1,9,157,0,279,0,11,16,12,264,0,0,164,1
30,0,0,0,291,0,541,0,15,3,12,151,0,0,313,1
31,0,0,0,534,0,566,0,2,10,16,287,1,3,575,0
32,0,0,0,556,0,379,0,9,18,3,531,0,0,600,1
33,0,0,0,386,0,300,0,17,25,10,555,1,0,413,0
34,0,0,0,134,0,539,0,25,5,18,382,1,1,334,0
35,0,0,0,532,0,624,0,4,14,26,307,1,1,573,1
36,0,1,10,606,0,73,0,13,24,5,529,1,0,658,0
37,0,0,0,107,0,68,0,24,3,14,611,0,0,107,1
38,0,0,0,102,0,326,0,2,17,25,99,1,0,102,0
39,0,0,0,336,0,101,0,16,6,3,94,0,0,360,1
40,1,1,5,133,0,319,0,5,10,17,331,0,0,135,1
41,1,1,7,329,0,378,0,9,5,6,125,0,0,353,1
42,0,0,0,385,0,70,0,4,5,10,324,1,0,412,0
43,0,0,0,104,0,6,0,4,2,5,381,1,0,104,1
44,1,0,0,5,0,351,1,1,7,5,96,0,0,5,0
45,0,1,6,358,0,277,0,6,12,2,6,1,0,385,1
46,0,1,9,289,0,0,0,11,0,7,356,0,0,311,1
0,0,1,10,42,0,559,1,13,21,0,0,0,0,42,0
1,0,0,0,522,0,302,0,21,14,14,40,0,0,593,1
2,0,1,10,313,0,96,0,13,18,22,548,1,0,336,0
3,0,0,0,128,0,224,0,17,5,14,309,0,0,130,1
4,0,0,0,249,0,86,0,4,3,18,120,1,0,258,0
5,0,0,0,119,0,15,0,2,11,5,237,1,0,120,0
6,0,0,0,19,0,87,1,10,1,3,110,0,0,19,1
7,0,0,0,120,0,470,0,0,6,11,19,1,0,121,0
8,0,0,0,468,0,548,0,5,10,1,111,1,0,504,1
9,0,1,7,541,0,108,0,9,10,6,467,0,0,582,1
10,0,0,0,139,0,477,0,9,10,10,538,0,0,142,1
11,1,1,7,475,0,608,0,9,26,10,132,0,0,511,1
12,0,0,0,591,0,457,0,26,21,10,472,1,0,642,1
13,0,0,0,460,0,344,0,21,14,27,595,0,0,491,1
14,0,1,10,352,0,555,0,13,19,22,455,1,0,378,0
15,0,0,0,547,0,450,0,18,20,14,349,1,1,589,0
16,0,0,0,454,0,541,0,20,3,19,545,0,0,484,1
17,0,0,0,534,0,101,0,2,10,21,449,1,0,575,0
18,1,1,7,133,0,555,0,9,19,3,531,0,0,135,1
19,0,0,0,547,0,459,0,18,20,10,125,1,1,589,0
20,0,0,0,461,0,0,0,20,0,19,545,0,0,493,1
0,0,0,0,46,0,541,1,4,3,0,0,0,0,46,0
1,0,0,0,534,0,490,0,2,10,5,43,1,2,575,0
2,0,1,7,486,0,546,0,9,3,3,531,0,0,524,1
3,0,0,0,539,0,38,0,2,11,10,485,1,0,580,1
4,0,1,8,52,1,90,0,10,24,3,536,0,0,52,1
5,0,0,0,134,0,190,0,24,23,11,49,1,0,124,0
6,0,0,0,214,0,290,0,23,5,25,114,0,0,224,1
7,0,0,0,302,0,68,0,4,3,24,205,1,0,324,0
8,0,0,0,102,0,506,0,2,6,5,298,1,0,102,0
9,0,0,0,501,0,463,0,5,10,3,94,0,0,540,1
10,1,0,0,464,0,191,0,9,10,6,498,0,0,497,1
11,1,1,7,215,0,505,0,9,5,10,460,0,0,225,1
12,0,0,0,500,0,624,0,4,14,10,206,1,0,539,0
13,0,1,10,606,0,611,0,13,9,5,497,1,1,658,0
14,0,0,0,594,0,364,0,8,16,14,611,1,0,645,1
15,0,0,0,371,0,311,0,15,20,9,598,0,0,398,1
16,0,0,0,321,0,70,0,20,5,16,369,0,0,345,1
17,0,0,0,104,0,541,0,4,3,21,318,1,0,104,1
18,0,0,0,534,0,441,0,2,10,5,96,1,2,575,0
19,0,0,0,445,0,188,0,9,10,3,531,0,0,475,1
20,1,1,7,212,0,579,0,9,5,10,441,0,0,222,1
21,0,0,0,567,0,624,0,4,14,10,203,1,0,613,1
22,0,1,10,606,0,123,0,13,24,5,568,1,1,658,0
23,0,0,0,152,0,302,0,24,14,14,611,0,0,157,0
24,0,1,10,313,0,246,0,13,20,25,145,1,2,336,0
25,0,0,0,265,0,302,0,20,14,14,309,0,0,280,0
26,0,1,10,313,0,275,0,13,16,21,255,1,2,336,0
27,1,0,0,286,0,116,0,15,24,14,309,0,0,309,1
28,0,0,0,146,0,541,0,24,3,16,283,0,0,150,1
29,0,0,0,534,0,478,0,2,10,25,138,1,2,575,0
30,0,1,7,476,0,87,0,9,1,3,531,0,0,512,1
31,0,0,0,120,0,585,0,0,20,10,473,1,0,121,0
32,1,0,0,572,0,302,0,20,14,1,111,0,0,619,0
33,0,1,10,313,0,592,0,13,16,21,574,1,2,336,0
34,0,0,0,577,0,138,0,15,6,14,309,1,0,626,1
35,0,0,0,165,0,147,0,5,10,16,580,0,0,172,1
36,0,1,7,174,0,0,0,9,0,6,159,0,0,181,0
0,0,0,0,41,0,541,1,15,3,0,0,0,0,41,1
1,0,0,0,534,0,355,0,2,10,16,39,1,0,575,0
2,0,0,0,362,0,563,0,9,6,3,531,0,0,389,1
3,1,0,0,553,0,245,0,5,12,10,360,0,0,597,1
4,1,0,0,264,0,87,0,11,1,6,552,0,0,279,1
5,0,0,0,120,0,314,0,0,6,12,254,1,0,121,0
6,0,0,0,324,0,565,0,5,22,1,111,0,0,348,1
7,1,0,0,555,0,91,0,22,10,6,320,0,0,599,1
8,1,1,7,123,0,339,0,9,24,23,554,0,0,125,1
9,0,0,0,347,0,266,0,24,22,10,115,0,0,373,1
10,0,0,0,278,0,86,0,22,3,25,344,1,0,300,1
11,0,0,0,119,0,207,0,2,6,23,274,1,0,120,0
12,1,0,0,231,0,353,0,5,10,3,110,0,0,241,1
13,1,1,7,360,0,578,0,9,6,6,220,0,0,387,1
14,0,0,0,566,0,577,0,5,5,10,358,0,0,612,1
15,0,0,0,565,0,624,0,4,14,6,567,0,0,611,1
16,0,1,10,606,0,90,0,13,24,5,566,1,0,658,0
17,0,0,0,134,0,241,0,24,22,14,611,1,0,124,0
18,1,1,14,261,0,0,0,22,0,25,114,0,0,275,1
0,0,0,0,71,0,302,1,0,14,0,0,0,0,71,1
1,0,1,10,313,0,300,0,13,25,1,67,1,1,336,0
2,0,0,0,134,0,503,0,25,6,14,309,1,0,334,0
3,0,0,0,498,0,87,0,5,1,26,307,0,0,537,1
4,0,0,0,120,0,445,0,0,16,6,496,1,1,121,0
5,0,0,0,450,0,320,0,15,21,1,111,0,0,479,1
6,1,1,13,330,0,505,0,21,16,16,444,0,0,354,1
7,0,0,0,500,0,31,0,15,14,22,325,1,0,539,0
8,0,1,10,42,0,128,1,13,9,16,497,0,0,42,0
9,0,0,0,156,0,528,0,8,20,14,40,1,0,162,0
10,0,0,0,522,0,302,0,20,14,9,149,0,0,562,1
11,0,1,10,313,0,613,0,13,5,21,519,1,1,336,0
12,0,0,0,596,0,344,0,4,14,14,309,1,0,647,1
13,0,1,10,352,0,555,0,13,19,5,600,1,0,378,0
14,0,0,0,547,0,87,0,18,1,14,349,1,0,589,0
15,0,0,0,120,0,236,0,0,5,19,545,1,1,121,0
16,0,0,0,258,0,616,0,4,10,1,111,1,0,270,1
17,1,1,7,599,0,0,0,9,0,5,247,0,0,650,1
0,0,1,10,42,0,28,1,13,24,0,0,0,0,42,0
1,0,0,0,37,0,551,0,24,3,14,40,0,0,37,1
2,0,1,2,544,0,386,0,2,10,25,35,1,0,585,1
3,1,1,7,393,0,0,0,9,0,3,541,0,0,420,0
0,0,1,10,90,0,605,1,13,21,0,0,0,0,90,1
1,0,0,0,134,0,562,0,21,16,14,83,1,0,639,1
2,0,0,0,552,0,574,0,15,6,22,592,0,0,596,1
3,0,0,0,562,0,539,0,5,5,16,551,0,0,608,1
4,0,0,0,532,0,541,0,4,3,6,563,1,0,573,1
5,0,0,0,534,0,146,0,2,10,5,529,1,1,575,0
6,1,1,7,173,0,598,0,9,21,3,531,0,0,180,1
7,0,0,0,134,0,371,0,21,16,10,166,1,0,632,0
8,0,0,0,378,0,155,0,15,16,22,586,1,0,405,0
9,0,0,0,182,0,452,0,15,23,16,375,0,0,189,1
10,0,0,0,455,0,290,0,23,5,16,174,0,0,486,1
11,0,0,0,302,0,541,0,4,3,24,451,1,0,324,0
12,0,0,0,534,0,220,0,2,6,5,298,1,1,575,0
13,0,0,0,245,0,408,0,5,10,3,531,0,0,254,1
14,0,1,7,414,0,0,0,9,0,6,233,0,0,442,1
0,1,1,8,92,1,179,1,10,25,0,0,0,0,92,1
1,0,0,0,204,0,371,0,25,16,11,85,1,0,213,1
2,0,0,0,378,0,483,0,15,20,26,194,1,0,405,0
3,0,0,0,481,0,88,0,20,3,16,375,0,0,517,1
4,0,0,0,121,0,386,0,2,2,21,478,1,0,122,0
5,1,1,1,393,0,393,0,1,18,3,112,0,0,420,0
6,0,0,0,400,0,577,0,17,5,2,389,1,0,427,0
7,0,0,0,565,0,624,0,4,14,18,396,0,0,611,1
8,0,1,10,606,0,265,0,13,24,5,566,1,0,658,0
9,0,0,0,278,0,397,0,24,23,14,611,1,1,299,1
10,0,0,0,407,0,208,0,23,6,25,273,0,0,431,1
11,1,0,0,232,0,555,0,5,19,24,400,0,0,242,1
12,0,0,0,547,0,265,0,18,20,6,221,1,0,589,0
13,0,0,0,278,0,541,0,20,3,19,545,1,1,299,1
14,0,0,0,534,0,384,0,2,5,21,273,1,0,575,0
15,0,0,0,391,0,498,0,4,10,3,531,1,0,418,0
16,0,0,0,493,0,451,0,9,10,5,387,0,0,532,1
17,1,1,7,455,0,181,0,9,23,10,492,0,0,485,1
18,0,0,0,204,0,0,0,23,0,10,450,0,0,215,1
0,0,0,0,65,0,114,1,19,10,0,0,0,0,65,0
1,0,0,0,144,0,0,0,9,0,20,61,0,0,148,0
0,0,0,0,23,0,609,1,0,5,0,0,0,0,23,0
1,0,1,4,592,0,551,0,4,3,1,23,1,0,643,1
2,0,1,2,544,0,300,0,2,25,5,596,1,0,585,1
3,0,0,0,134,0,386,0,25,2,3,541,1,0,334,0
4,1,1,1,393,0,107,0,1,6,26,307,0,0,420,0
5,0,0,0,138,0,77,0,5,10,2,389,0,0,141,0
6,0,1,7,111,0,93,0,9,5,6,131,0,0,111,1
7,0,0,0,102,0,624,0,4,14,10,102,1,0,127,0
8,0,1,10,606,0,342,0,13,9,5,117,1,0,658,0
9,0,0,0,350,0,311,0,8,20,14,611,0,0,376,0
10,0,0,0,321,0,236,0,20,5,9,347,0,0,345,1
11,0,0,0,258,0,541,0,4,3,21,318,1,0,270,1
12,0,0,0,534,0,143,0,2,10,5,247,1,0,575,0
13,1,1,7,170,0,467,0,9,21,3,531,0,0,177,1
14,0,0,0,466,0,447,0,21,6,10,164,1,0,501,0
15,0,0,0,451,0,141,0,5,12,22,464,0,0,481,1
16,0,1,9,168,0,545,0,11,4,6,446,0,0,175,1
17,0,1,3,538,0,90,0,3,24,12,162,1,0,579,1
18,0,0,0,134,0,392,0,24,6,4,535,1,0,124,0
19,0,0,0,399,0,549,0,5,12,25,114,1,0,426,1
20,0,1,9,542,0,555,0,11,19,6,395,0,0,583,1
21,0,0,0,547,0,151,0,18,20,12,539,1,0,589,0
22,0,0,0,178,0,105,0,20,5,19,545,0,0,185,1
23,0,0,0,136,0,250,0,4,22,21,170,1,0,139,1
24,0,0,0,267,0,613,0,22,5,5,129,0,0,284,1
25,0,0,0,596,0,14,0,4,11,23,259,1,0,647,1
26,1,1,8,18,1,0,1,10,0,5,600,0,0,18,1
0,0,1,10,42,0,333,1,13,24,0,0,0,0,42,0
1,0,0,0,341,0,541,0,24,3,14,40,0,0,367,1
2,0,0,0,534,0,600,0,2,10,25,338,1,1,575,0
3,0,1,7,584,0,541,0,9,3,3,531,0,0,634,0
4,0,0,0,534,0,192,0,2,6,10,587,1,1,575,0
5,0,0,0,216,0,524,0,5,10,3,531,0,0,226,1
6,1,1,7,518,0,378,0,9,5,6,207,0,0,558,1
7,0,0,0,385,0,507,0,4,10,10,515,1,0,412,0
8,1,1,7,502,0,618,0,9,25,5,381,0,0,541,1
9,1,0,0,599,0,556,0,25,16,10,499,0,0,652,1
10,0,0,0,548,0,0,0,15,0,26,605,0,0,590,1
0,0,0,0,87,0,512,1,2,10,0,0,0,0,87,0
1,1,1,7,507,0,300,0,9,25,3,80,0,0,546,1
2,0,0,0,134,0,292,0,25,6,10,504,1,0,334,0
3,0,0,0,304,0,87,0,5,1,26,307,0,0,326,1
4,0,0,0,120,0,31,0,0,14,6,300,1,0,121,0
5,0,1,10,42,0,85,1,13,24,1,111,0,0,42,0
6,0,0,0,134,0,351,0,24,7,14,40,1,0,119,0
7,0,1,6,358,0,538,0,6,5,25,109,1,0,385,1
8,0,0,0,531,0,472,0,4,6,7,356,1,0,572,1
9,0,0,0,470,0,0,0,5,0,5,528,0,0,506,1
0,0,0,0,391,0,541,0,4,3,0,0,1,0,418,0
1,0,0,0,534,0,117,0,2,6,5,387,1,0,575,0
2,0,0,0,147,0,495,0,5,10,3,531,0,0,151,1
3,0,1,7,490,0,94,0,9,5,6,139,0,0,529,1
4,0,0,0,126,0,316,0,4,8,10,490,1,0,128,0
5,0,0,0,326,0,31,0,7,14,5,118,0,0,350,1
6,0,1,10,42,0,598,1,13,21,8,321,0,0,42,0
7,0,0,0,134,0,371,0,21,16,14,40,1,0,632,0
8,0,0,0,378,0,615,0,15,5,22,586,1,0,405,0
9,0,0,0,598,0,357,0,4,15,16,375,0,0,649,1
10,0,0,0,364,0,312,0,14,10,5,602,1,0,391,0
11,0,1,7,322,0,224,0,9,5,15,362,0,0,346,1
12,0,0,0,249,0,325,0,4,16,10,319,1,0,258,0
13,0,0,0,335,0,551,0,15,3,5,237,0,0,359,1
14,0,1,2,544,0,553,0,2,10,16,330,1,0,585,1
15,1,1,7,546,0,0,0,9,0,3,541,0,0,587,1
0,0,0,0,91,0,312,1,2,6,0,0,0,0,91,1
1,0,1,5,322,0,345,0,5,12,3,84,0,0,346,1
2,0,0,0,353,0,196,0,11,3,6,319,0,0,379,1
3,1,0,0,220,0,201,0,2,10,12,350,0,0,230,1
4,0,1,7,226,0,87,0,9,1,3,210,0,0,235,1
5,0,0,0,120,0,66,0,0,11,10,215,1,0,121,0
6,1,1,8,98,0,9,1,10,2,1,111,0,0,98,1
7,1,0,0,8,0,300,1,1,25,11,90,0,0,8,0
8,0,0,0,134,0,257,0,25,6,2,9,1,0,334,0
9,0,0,0,272,0,0,0,5,0,26,307,0,0,291,1
0,0,0,0,532,0,264,0,2,25,0,0,1,1,573,1
1,0,0,0,278,0,539,0,25,3,3,529,1,0,298,0
2,0,0,0,532,0,300,0,2,25,26,272,1,1,573,1
3,0,0,0,134,0,278,0,25,28,3,529,1,0,334,0
4,0,0,0,290,0,238,0,28,6,26,307,1,0,312,0
5,0,0,0,259,0,302,0,5,14,29,286,0,0,272,1
6,0,1,10,313,0,598,0,13,21,6,249,1,0,336,0
7,0,0,0,134,0,0,0,21,0,14,309,1,0,632,0
0,0,1,10,42,0,128,1,13,9,0,0,0,0,42,0
1,0,0,0,156,0,100,0,8,16,14,40,1,0,162,0
2,0,0,0,132,0,585,0,15,20,9,149,0,0,134,1
3,1,0,0,572,0,88,0,20,3,16,124,0,0,619,0
4,0,0,0,121,0,584,0,2,6,21,574,1,0,122,0
5,1,0,0,571,0,170,0,5,12,3,112,0,0,618,0
6,1,1,9,197,0,103,0,11,5,6,573,0,0,204,1
7,0,0,0,135,0,547,0,4,14,12,186,1,0,137,1
8,0,1,10,540,0,611,0,13,9,5,127,1,0,581,1
9,0,0,0,594,0,371,0,8,16,14,537,1,0,645,1
10,0,0,0,378,0,519,0,15,20,9,598,1,0,405,0
11,0,0,0,513,0,150,0,20,23,16,375,0,0,553,1
12,0,0,0,177,0,430,0,23,16,21,510,0,0,184,1
13,0,0,0,436,0,0,0,15,0,24,169,0,0,464,1
0,0,0,0,87,0,386,1,2,2,0,0,0,0,87,0
1,1,1,1,393,0,182,0,1,6,3,80,0,0,420,0
2,0,0,0,206,0,495,0,5,10,2,389,1,0,216,1
3,0,1,7,490,0,555,0,9,19,6,197,0,0,529,1
4,0,0,0,547,0,302,0,18,14,10,490,1,1,589,0
5,0,1,10,313,0,300,0,13,25,19,545,1,1,336,0
6,0,0,0,134,0,539,0,25,5,14,309,1,0,334,0
7,0,0,0,532,0,606,0,4,28,26,307,1,0,573,1
8,0,0,0,589,0,31,0,28,14,5,529,1,0,640,1
9,0,1,10,42,0,409,1,13,24,29,593,0,0,42,0
10,1,0,0,415,0,68,0,24,3,14,40,0,0,443,1
11,0,0,0,102,0,134,0,2,6,25,411,1,0,102,0
12,0,0,0,161,0,240,0,5,10,3,94,0,0,168,1
13,1,1,7,261,0,384,0,9,5,6,155,0,0,274,1
14,0,0,0,391,0,272,0,4,16,10,250,1,0,418,0
15,0,1,11,283,0,302,0,15,14,5,387,1,0,306,1
16,0,1,10,313,0,537,0,13,25,16,280,1,1,336,0
17,0,0,0,530,0,555,0,25,19,14,309,0,0,571,1
18,0,0,0,547,0,232,0,18,20,26,527,1,1,589,0
19,0,0,0,255,0,580,0,20,18,19,545,0,0,266,1
20,0,0,0,568,0,510,0,17,16,21,245,1,0,614,0
21,0,0,0,505,0,122,0,15,1,18,569,0,0,544,1
22,0,0,0,151,0,540,0,0,25,16,502,1,0,156,0
23,0,0,0,533,0,541,0,25,3,1,144,0,0,574,1
24,0,0,0,534,0,388,0,2,16,26,530,1,0,575,0
25,0,0,0,395,0,98,0,15,6,3,531,1,0,422,1
26,0,0,0,130,0,548,0,5,10,16,391,0,0,132,0
27,0,1,7,541,0,70,0,9,5,6,122,0,0,582,1
28,0,0,0,104,0,551,0,4,3,10,538,1,0,104,1
29,0,1,2,544,0,146,0,2,10,5,96,1,0,585,1
30,1,1,7,173,0,0,0,9,0,3,541,0,0,180,1
0,0,0,0,62,0,97,1,2,6,0,0,0,0,62,0
1,1,0,0,129,0,307,0,5,10,3,58,0,0,131,1
2,1,1,7,318,0,122,0,9,1,6,121,0,0,341,1
3,0,0,0,151,0,371,0,0,16,10,314,1,0,156,0
4,0,0,0,378,0,86,0,15,3,1,144,1,0,405,0
5,0,0,0,119,0,301,0,2,10,16,375,1,0,120,0
6,0,1,7,312,0,224,0,9,5,3,110,0,0,335,1
7,0,0,0,249,0,344,0,4,14,10,308,1,0,258,0
8,0,1,10,352,0,0,0,13,0,5,237,1,0,378,0
0,0,0,0,97,0,31,1,28,14,0,0,0,0,97,1
1,0,1,10,42,0,218,1,13,16,29,89,0,1,42,0
2,0,0,0,243,0,259,0,15,21,14,40,0,0,252,1
3,0,0,0,278,0,197,0,21,10,16,231,1,0,293,0
4,0,0,0,221,0,465,0,9,22,22,267,0,0,231,1
5,1,0,0,465,0,613,0,22,5,10,211,0,0,499,1
6,0,0,0,596,0,81,0,4,3,23,462,1,0,647,1
7,0,0,0,115,0,357,0,2,15,5,600,1,0,115,0
8,0,0,0,364,0,507,0,14,10,3,105,1,1,391,0
9,1,1,7,502,0,296,0,9,23,15,362,0,0,541,1
10,1,0,0,308,0,31,0,23,14,10,499,0,0,330,1
11,0,1,10,42,0,411,1,13,21,24,303,0,1,42,0
12,0,0,0,417,0,290,0,21,5,14,40,0,0,445,1
13,0,0,0,302,0,357,0,4,15,22,413,1,0,324,0
14,0,0,0,364,0,185,0,14,10,5,298,1,1,391,0
15,0,0,0,209,0,555,0,9,19,15,362,0,0,219,1
16,0,0,0,547,0,448,0,18,20,10,200,1,0,589,0
17,0,0,0,452,0,87,0,20,1,19,545,0,0,482,1
18,0,0,0,120,0,541,0,0,3,21,447,1,0,121,0
19,0,0,0,534,0,527,0,2,10,1,111,1,0,575,0
20,1,0,0,521,0,159,0,9,21,3,531,0,0,561,1
21,0,0,0,186,0,0,0,21,0,10,518,0,0,193,1
0,0,1,10,42,0,128,1,13,9,0,0,0,0,42,0
1,0,0,0,156,0,371,0,8,16,14,40,1,0,162,0
2,0,0,0,378,0,194,0,15,16,9,149,1,0,405,0
3,0,0,0,218,0,571,0,15,20,16,375,0,0,228,1
4,0,0,0,560,0,302,0,20,14,16,208,0,0,605,1
5,0,1,10,313,0,379,0,13,18,21,560,1,0,336,0
6,0,0,0,386,0,0,0,17,0,14,309,1,0,413,0
0,0,0,0,66,0,523,1,1,10,0,0,0,0,66,0
1,0,0,0,517,0,31,0,9,14,2,62,0,0,557,1
2,0,1,10,42,0,178,1,13,24,10,514,0,0,42,0
3,0,0,0,204,0,265,0,24,20,14,40,1,0,212,0
4,0,0,0,278,0,300,0,20,25,25,193,1,0,299,1
5,0,0,0,134,0,555,0,25,19,21,273,1,0,334,0
6,0,0,0,547,0,371,0,18,16,26,307,1,1,589,0
7,0,0,0,378,0,112,0,15,20,19,545,1,0,405,0
8,0,0,0,143,0,247,0,20,22,16,375,0,0,146,1
9,0,0,0,265,0,40,0,22,11,21,136,0,0,281,1
10,1,0,0,54,1,381,1,10,10,23,256,0,0,54,1
11,1,0,0,388,0,224,0,9,5,11,51,0,0,415,1
12,0,0,0,249,0,541,0,4,3,10,384,1,0,258,0
13,0,0,0,534,0,335,0,2,10,5,237,1,0,575,0
14,1,0,0,343,0,202,0,9,22,3,531,0,0,369,0
15,0,0,0,225,0,302,0,22,14,10,340,0,0,236,1
16,0,1,10,313,0,611,0,13,9,23,216,1,1,336,0
17,0,0,0,594,0,616,0,8,20,14,309,1,0,645,1
18,1,1,12,599,0,305,0,20,16,9,598,0,0,650,1
19,0,0,0,316,0,321,0,15,5,21,603,1,0,339,1
20,0,0,0,331,0,624,0,4,14,16,312,0,0,355,1
21,0,1,10,606,0,310,0,13,21,5,326,1,0,658,0
22,0,0,0,321,0,302,0,21,14,14,611,0,0,344,1
23,0,1,10,313,0,555,0,13,19,22,317,1,1,336,0
24,0,0,0,547,0,384,0,18,5,14,309,1,1,589,0
25,0,0,0,391,0,68,0,4,3,19,545,1,0,418,0
26,0,0,0,102,0,48,0,2,10,5,387,1,0,102,0
27,0,1,7,67,0,0,0,9,0,3,94,0,0,67,0
0,0,0,0,68,0,302,1,22,14,0,0,0,0,68,1
1,0,1,10,313,0,613,0,13,5,23,64,1,2,336,0
2,0,0,0,596,0,86,0,4,3,14,309,1,0,647,1
3,0,0,0,119,0,286,0,2,10,5,600,1,0,120,0
4,0,0,0,298,1,300,0,9,25,3,110,0,0,320,1
5,0,0,0,134,0,68,0,25,3,10,294,1,1,334,0
6,0,0,0,102,0,435,0,2,6,26,307,1,1,102,0
7,0,0,0,439,0,410,0,5,10,3,94,0,0,469,1
8,0,0,0,416,0,530,0,9,10,6,436,0,0,444,1
9,0,0,0,523,0,70,0,9,5,10,412,0,0,564,1
10,0,0,0,104,0,398,0,4,10,10,521,1,0,104,1
11,0,0,0,404,0,526,0,9,22,5,96,0,0,432,1
12,1,0,0,520,0,586,0,22,23,10,401,0,0,560,1
13,0,0,0,572,0,555,0,23,19,23,517,0,0,620,1
14,0,0,0,547,0,528,0,18,20,24,575,1,0,589,0
15,0,0,0,522,0,344,0,20,14,19,545,0,0,562,1
16,0,1,10,352,0,228,0,13,16,21,519,1,0,378,0
17,0,0,0,251,0,374,0,15,16,14,349,0,0,262,1
18,0,0,0,381,0,302,0,15,14,16,241,1,0,408,0
19,0,1,10,313,0,264,0,13,25,16,377,1,2,336,0
20,0,0,0,278,0,302,0,25,14,14,309,1,0,298,0
21,0,1,10,313,0,300,0,13,25,26,272,1,2,336,0
22,0,0,0,134,0,68,0,25,3,14,309,1,1,334,0
23,0,0,0,102,0,504,0,2,10,26,307,1,1,102,0
24,0,0,0,499,0,0,0,9,0,3,94,0,0,538,1
0,0,1,10,42,0,491,1,13,21,0,0,0,0,42,0
1,0,0,0,486,0,92,0,21,5,14,40,0,0,525,1
2,0,0,0,124,0,105,0,4,5,22,486,0,0,126,1
3,0,0,0,136,0,124,0,4,10,5,116,1,0,139,1
4,0,0,0,153,0,0,0,9,0,5,129,0,0,158,1
0,0,1,10,42,0,84,1,13,16,0,0,0,0,42,0
1,0,0,0,118,0,254,0,15,21,14,40,0,0,118,1
2,0,0,0,265,0,541,0,21,3,16,108,0,0,288,0
3,0,0,0,534,0,74,0,2,6,22,262,1,0,575,0
4,0,0,0,108,0,109,0,5,10,3,531,0,0,108,1
5,0,0,0,140,0,378,0,9,5,6,100,0,0,143,1
6,0,0,0,385,0,68,0,4,3,10,133,1,0,412,0
7,0,0,0,102,0,7,0,2,2,5,381,1,0,102,0
8,0,0,0,6,0,29,1,1,11,3,94,0,0,6,0
9,1,0,0,38,0,41,0,10,11,2,7,0,0,38,0
10,1,0,0,55,0,608,1,10,26,11,36,0,0,55,1
11,0,0,0,591,0,444,0,26,16,11,52,1,0,642,1
12,0,0,0,448,0,271,0,15,25,27,595,0,0,478,1
13,0,0,0,281,0,555,0,25,19,16,443,0,0,305,1
14,0,0,0,547,0,206,0,18,20,26,279,1,0,589,0
15,0,0,0,230,0,357,0,20,15,19,545,0,0,240,1
16,0,0,0,364,0,477,0,14,10,21,219,1,1,391,0
17,1,1,7,475,0,87,0,9,1,15,362,0,0,511,1
18,0,0,0,120,0,306,0,0,20,10,472,1,0,121,0
19,0,0,0,317,0,357,0,20,15,1,111,0,0,340,1
20,0,0,0,364,0,210,0,14,12,21,313,1,1,391,0
21,0,0,0,234,0,234,0,11,6,15,362,0,0,244,1
22,0,0,0,256,0,0,0,5,0,12,223,0,0,268,1
0,0,0,0,99,0,178,1,8,20,0,0,0,0,99,1
1,0,0,0,204,0,121,0,20,10,9,91,1,0,212,0
2,1,0,0,150,0,79,0,9,16,21,193,0,0,155,1
3,0,0,0,113,0,0,0,15,0,10,143,1,0,113,1
0,0,0,0,87,0,337,1,2,10,0,0,0,0,87,0
1,0,0,0,345,0,300,0,9,25,3,80,0,0,371,1
2,0,0,0,134,0,502,0,25,6,10,342,1,0,334,0
3,0,0,0,497,0,555,0,5,19,26,307,0,0,536,1
4,0,0,0,547,0,110,0,18,20,6,495,1,0,589,0
5,1,0,0,141,0,580,0,20,18,19,545,0,0,144,1
6,0,0,0,568,0,87,0,17,1,21,134,1,0,614,0
7,0,0,0,120,0,377,0,0,16,18,569,1,0,121,0
8,0,0,0,384,0,160,0,15,12,1,111,0,0,411,1
9,0,0,0,187,0,145,0,11,16,16,380,0,0,194,1
10,0,0,0,172,0,0,0,15,0,12,178,0,0,179,1
0,0,0,0,14,0,401,1,4,22,0,0,0,0,14,1
1,0,0,0,407,0,489,0,22,6,5,15,0,0,435,1
2,0,0,0,485,0,280,0,5,2,23,404,0,0,523,1
3,0,0,0,292,0,180,0,1,12,6,484,0,0,314,1
4,0,0,0,205,0,224,0,11,5,2,288,0,0,214,1
5,0,0,0,249,0,551,0,4,3,12,195,1,0,258,0
6,0,1,2,544,0,485,0,2,10,5,237,1,0,585,1
7,1,0,0,482,0,302,0,9,14,3,541,0,0,519,1
8,0,1,10,313,0,300,0,13,25,10,480,1,0,336,0
9,0,0,0,134,0,238,0,25,22,14,309,1,0,334,0
10,0,0,0,259,0,539,0,22,5,26,307,0,0,272,1
11,0,0,0,532,0,624,0,4,14,23,249,1,0,573,1
12,0,1,10,606,0,128,0,13,9,5,529,1,0,658,0
13,0,0,0,156,0,371,0,8,16,14,611,1,0,162,0
14,0,0,0,378,0,246,0,15,20,9,149,1,0,405,0
15,0,0,0,265,0,269,0,20,10,16,375,0,0,280,0
16,1,0,0,281,0,78,0,9,5,21,255,0,0,303,1
17,0,0,0,112,0,277,0,4,12,10,277,1,0,112,1
18,0,1,9,288,0,0,0,11,0,5,103,0,0,311,1
0,0,1,10,42,0,265,1,13,24,0,0,0,0,42,0
1,0,0,0,278,0,259,0,24,21,14,40,1,0,299,1
2,0,0,0,278,0,541,0,21,3,25,273,1,0,293,0
3,0,0,0,534,0,334,0,2,10,22,267,1,0,575,0
4,0,0,0,342,0,471,0,9,10,3,531,0,0,368,1
5,0,0,0,469,0,378,0,9,5,10,339,0,0,505,1
6,0,0,0,385,0,396,0,4,22,10,468,1,1,412,0
7,0,0,0,403,0,6,0,22,2,5,381,0,0,430,1
8,1,0,0,5,0,378,1,1,5,23,399,0,0,5,0
9,0,0,0,385,0,546,0,4,3,2,6,1,1,412,0
10,0,0,0,539,0,313,0,2,12,5,381,1,0,580,1
11,0,1,9,323,0,0,0,11,0,3,536,0,0,347,1
0,0,0,0,96,0,68,1,27,3,0,0,0,0,96,1
1,0,0,0,102,0,599,0,2,10,28,88,1,0,102,0
2,0,0,0,583,0,0,0,9,0,3,94,0,0,633,1
0,0,0,0,47,0,598,1,13,21,0,0,0,0,47,0
1,0,0,0,134,0,68,0,21,3,14,44,1,0,632,0
2,0,0,0,102,0,561,0,2,6,22,586,1,0,102,0
3,0,0,0,551,0,24,0,5,11,3,94,0,0,595,1
4,0,0,0,30,1,203,1,10,10,6,550,0,0,30,1
5,0,0,0,227,0,539,0,9,5,11,29,0,0,237,1
6,0,0,0,532,0,31,0,4,14,10,217,1,0,573,1
7,0,1,10,42,0,611,1,13,9,5,529,0,0,42,0
8,0,0,0,594,0,364,0,8,16,14,40,1,0,645,1
9,0,0,0,371,0,453,0,15,20,9,598,0,0,398,1
10,0,0,0,456,0,0,0,20,0,16,369,0,0,487,1
0,0,0,0,89,0,90,1,3,24,0,0,0,0,89,1
1,0,0,0,134,0,68,0,24,3,4,82,1,0,124,0
2,0,0,0,102,0,216,0,2,6,25,114,1,0,102,0
3,0,0,0,240,0,223,0,5,12,3,94,1,0,250,0
4,0,0,0,248,0,93,0,11,16,6,229,0,0,257,1
5,0,0,0,125,0,604,0,15,16,12,236,1,0,127,0
6,0,0,0,588,0,539,0,15,5,16,117,0,0,638,1
7,0,0,0,532,0,31,0,4,14,16,591,1,0,573,1
8,0,1,10,42,0,373,1,13,21,5,529,0,0,42,0
9,0,0,0,380,0,0,0,21,0,14,40,0,0,407,1
0,0,0,0,27,0,619,1,15,6,0,0,0,0,27,1
1,0,0,0,600,0,196,0,5,3,16,26,0,0,653,1
2,1,0,0,220,0,497,0,2,6,6,606,0,0,230,1
3,0,0,0,492,0,402,0,5,10,3,210,0,0,531,1
4,0,0,0,408,0,173,0,9,10,6,491,0,0,436,1
5,0,0,0,199,0,87,0,9,1,10,405,0,0,207,1
6,0,0,0,120,0,368,0,0,10,10,188,1,0,121,0
7,0,0,0,375,0,0,0,9,0,1,111,0,0,402,1
0,0,1,10,42,0,568,1,13,21,0,0,0,1,42,0
1,0,0,0,559,0,555,0,21,19,14,40,0,0,602,1
2,0,0,0,547,0,583,0,18,20,22,557,1,1,589,0
3,0,0,0,570,0,302,0,20,14,19,545,0,0,617,1
4,0,1,10,313,0,555,0,13,19,21,572,1,0,336,0
5,0,0,0,547,0,68,0,18,3,14,309,1,1,589,0
6,0,0,0,102,0,366,0,2,7,19,545,1,1,102,0
7,0,0,0,372,0,591,0,6,10,3,94,0,0,400,1
8,1,0,0,576,0,68,0,9,3,7,371,0,0,625,1
9,0,0,0,102,0,157,0,2,10,10,579,1,1,102,0
10,0,0,0,184,0,378,0,9,5,3,94,0,0,191,1
11,0,0,0,385,0,350,0,4,12,10,176,1,0,412,0
12,0,0,0,356,0,80,0,11,5,5,381,0,0,384,1
13,0,0,0,114,0,87,0,4,1,12,355,0,0,114,0
14,0,0,0,120,0,31,0,0,14,5,104,1,0,121,0
15,0,1,10,42,0,521,1,13,16,1,111,0,1,42,0
16,0,0,0,515,0,265,0,15,24,14,40,0,0,555,1
17,0,0,0,278,0,541,0,24,3,16,512,1,0,299,1
18,0,0,0,534,0,470,0,2,6,25,273,1,0,575,0
19,0,0,0,468,0,423,0,5,10,3,531,1,0,504,1
20,0,1,7,429,0,0,0,9,0,6,467,0,0,457,1
0,0,1,10,42,0,171,1,13,21,0,0,0,0,42,0
1,0,0,0,204,0,265,0,21,20,14,40,1,0,205,0
2,0,0,0,278,0,555,0,20,19,22,187,1,0,299,1
3,0,0,0,547,0,454,0,18,20,21,273,1,0,589,0
4,0,0,0,457,0,541,0,20,3,19,545,0,0,488,1
5,0,0,0,534,0,101,0,2,10,21,452,1,0,575,0
6,1,1,7,133,0,385,0,9,16,3,531,0,0,135,1
7,0,0,0,392,0,122,0,15,1,10,125,1,0,419,1
8,0,0,0,151,0,539,0,0,3,16,388,1,0,156,0
9,0,0,0,532,0,598,0,2,21,1,144,1,0,573,1
10,0,0,0,134,0,388,0,21,16,3,529,1,0,632,0
11,0,0,0,395,0,68,0,15,3,22,586,1,0,422,1
12,0,0,0,102,0,157,0,2,6,16,391,1,0,102,0
13,0,0,0,184,0,350,0,5,12,3,94,0,0,191,1
14,0,0,0,357,0,80,0,11,16,6,176,0,0,384,1
15,0,0,0,114,0,87,0,15,1,12,355,0,0,114,0
16,0,0,0,120,0,302,0,0,14,16,104,1,0,121,0
17,0,1,10,313,0,264,0,13,25,1,111,1,1,336,0
18,0,0,0,278,0,302,0,25,14,14,309,1,0,298,0
19,0,1,10,313,0,300,0,13,25,26,272,1,1,336,0
20,0,0,0,134,0,104,0,25,23,14,309,1,0,334,0
21,0,0,0,134,0,617,0,23,22,26,307,1,0,138,1
22,1,0,0,599,0,404,0,22,6,24,128,0,0,651,1
23,0,0,0,410,0,195,0,5,16,23,604,0,0,438,1
24,0,0,0,219,0,496,0,15,5,6,407,0,0,229,1
25,0,0,0,491,0,0,0,4,0,16,209,0,0,530,1
0,0,0,0,46,0,541,1,4,3,0,0,0,0,46,0
1,0,0,0,534,0,400,0,2,6,5,43,1,0,575,0
2,0,0,0,406,0,230,0,5,2,3,531,0,0,434,1
3,0,0,0,253,0,622,0,1,12,6,403,0,0,264,1
4,0,0,0,604,0,31,0,11,14,2,243,0,0,656,1
5,0,1,10,42,0,265,1,13,24,12,609,0,1,42,0
6,0,0,0,278,0,259,0,24,21,14,40,1,1,299,1
7,0,0,0,278,0,302,0,21,14,25,273,1,0,293,0
8,0,1,10,313,0,31,0,13,14,22,267,1,0,336,0
9,0,1,10,42,0,265,1,13,24,14,309,0,1,42,0
10,0,0,0,278,0,364,0,24,16,14,40,1,1,299,1
11,0,0,0,371,0,385,0,15,16,25,273,0,0,398,1
12,0,0,0,392,0,255,0,15,20,16,369,1,0,419,1
13,0,0,0,270,0,68,0,20,3,16,388,0,0,289,1
14,0,0,0,102,0,594,0,2,10,21,263,1,0,102,0
15,1,0,0,579,0,0,0,9,0,3,94,0,0,628,1
0,0,1,10,42,0,333,1,13,24,0,0,0,0,42,0
1,0,0,0,341,0,541,0,24,3,14,40,0,0,367,1
2,0,0,0,534,0,390,0,2,10,25,338,1,1,575,0
3,1,0,0,397,0,527,0,9,10,3,531,0,0,424,1
4,1,0,0,521,0,87,0,9,1,10,393,0,0,561,1
5,0,0,0,120,0,541,0,0,3,10,518,1,0,121,0
6,0,0,0,534,0,415,0,2,6,1,111,1,1,575,0
7,1,0,0,421,0,507,0,5,10,3,531,0,0,449,1
8,1,1,7,502,0,0,0,9,0,6,417,0,0,541,1
0,0,1,10,90,0,605,1,13,21,0,0,0,0,90,1
1,0,0,0,134,0,257,0,21,6,14,83,1,0,639,1
2,0,0,0,272,0,290,0,5,5,22,592,0,0,291,1
3,0,0,0,302,0,260,0,4,22,6,265,1,2,324,0
4,0,0,0,274,0,551,0,22,3,5,298,0,0,294,1
5,0,1,2,544,0,423,0,2,10,23,268,1,0,585,1
6,0,1,7,429,0,87,0,9,1,3,541,0,0,457,1
7,0,0,0,120,0,31,0,0,14,10,424,1,0,121,0
8,0,1,10,42,0,85,1,13,24,1,111,0,0,42,0
9,0,0,0,134,0,329,0,24,22,14,40,1,0,119,0
10,1,0,0,337,0,229,0,22,10,25,109,0,0,363,1
11,0,0,0,252,0,290,0,9,5,23,334,0,0,263,1
12,0,0,0,302,0,434,0,4,22,10,242,1,2,324,0
13,0,0,0,438,0,76,0,22,6,5,298,0,0,468,1
14,0,0,0,110,0,427,0,5,12,23,435,0,0,110,1
15,0,0,0,433,0,236,0,11,5,6,101,0,0,461,1
16,0,0,0,258,0,543,0,4,14,12,428,1,0,270,1
17,0,0,0,536,0,290,0,13,5,5,247,1,0,577,1
18,0,0,0,302,0,541,0,4,3,14,533,1,2,324,0
19,0,0,0,534,0,239,0,2,10,5,298,1,0,575,0
20,0,0,0,260,0,0,0,9,0,3,531,0,0,273,1
0,0,1,10,42,0,265,1,13,24,0,0,0,0,42,0
1,0,0,0,278,0,568,0,24,23,14,40,1,0,299,1
2,0,0,0,559,0,250,0,23,22,25,273,0,0,602,1
3,0,0,0,267,0,96,0,22,16,24,557,0,0,284,1
4,0,0,0,128,0,555,0,15,19,23,259,0,0,130,1
5,0,0,0,547,0,67,0,18,20,16,120,1,0,589,0
6,0,0,0,100,0,122,0,20,1,19,545,0,0,100,0
7,0,0,0,151,0,545,0,0,4,21,92,1,0,156,0
8,0,1,3,538,0,521,0,3,16,1,144,1,0,579,1
9,0,0,0,515,0,424,0,15,12,4,535,0,0,555,1
10,0,1,9,430,0,0,0,11,0,16,512,0,0,458,1
0,0,0,0,87,0,106,1,2,8,0,0,0,0,87,0
1,0,0,0,137,0,548,0,7,10,3,80,0,0,140,1
2,0,1,7,541,0,70,0,9,5,8,130,0,0,582,1
3,0,0,0,104,0,551,0,4,3,10,538,1,0,104,1
4,0,1,2,544,0,312,0,2,10,5,96,1,0,585,1
5,0,1,7,322,0,300,0,9,25,3,541,0,0,346,1
6,0,0,0,134,0,541,0,25,3,10,319,1,0,334,0
7,0,0,0,534,0,419,0,2,10,26,307,1,1,575,0
8,1,0,0,425,0,83,0,9,5,3,531,0,0,453,1
9,0,0,0,117,0,613,0,4,5,10,421,0,0,117,1
10,0,0,0,596,0,508,0,4,3,5,107,1,0,647,1
11,0,0,0,503,0,378,0,2,5,5,600,1,0,542,1
12,0,0,0,385,0,541,0,4,3,3,500,1,0,412,0
13,0,0,0,534,0,366,0,2,10,5,381,1,1,575,0
14,0,0,0,373,0,214,0,9,12,3,531,0,0,400,1
15,1,1,9,238,0,0,0,11,0,10,371,0,0,248,1
0,0,0,0,14,0,376,1,4,6,0,0,0,0,14,1
1,0,0,0,383,0,95,0,5,12,5,15,0,0,410,1
2,0,0,0,127,0,378,0,11,5,6,379,0,0,129,1
3,0,0,0,385,0,570,0,4,22,12,119,1,0,412,0
4,0,0,0,559,0,291,0,22,22,5,381,0,0,604,1
5,0,0,0,303,0,487,0,22,22,23,559,0,0,325,1
6,0,0,0,483,0,541,0,22,3,23,299,0,0,521,1
7,0,0,0,534,0,139,0,2,10,23,482,1,0,575,0
8,1,0,0,166,0,290,0,9,5,3,531,0,0,173,1
9,0,0,0,302,0,17,0,4,11,10,160,1,0,324,0
10,1,0,0,21,1,488,0,10,24,5,298,0,0,21,1
11,1,0,0,484,0,175,0,24,16,11,21,0,0,522,1
12,0,0,0,201,0,31,0,15,14,25,483,0,0,209,1
13,0,1,10,42,0,244,1,13,21,16,190,0,1,42,0
14,0,0,0,266,0,580,0,21,18,14,40,0,0,278,1
15,0,0,0,568,0,31,0,17,14,22,253,1,0,614,0
16,0,1,10,42,0,85,1,13,24,18,569,0,1,42,0
17,0,0,0,134,0,68,0,24,3,14,40,1,0,119,0
18,0,0,0,102,0,534,0,2,10,25,109,1,0,102,0
19,1,0,0,526,0,0,0,9,0,3,94,0,0,568,1
0,0,0,0,101,0,64,0,9,9,0,0,0,0,101,0
1,0,0,0,94,0,45,0,8,20,10,93,0,0,94,1
2,0,0,0,59,0,16,0,20,11,9,87,0,0,59,0
3,0,0,0,20,1,11,0,10,11,21,55,0,0,20,0
4,0,0,0,11,0,60,0,10,11,11,20,0,0,11,1
5,0,0,0,85,0,59,0,10,11,11,12,0,1,85,0
6,0,0,0,84,0,60,0,10,11,11,78,0,0,84,1
7,0,0,0,85,0,13,0,10,11,11,77,0,1,85,0
8,0,0,0,13,0,12,0,10,11,11,78,0,0,13,0
9,0,0,0,12,1,63,0,10,11,11,14,0,0,12,1
10,1,0,0,93,0,55,0,10,11,11,13,0,0,93,1
11,1,0,0,76,0,32,0,10,25,11,86,0,0,76,1
12,0,0,0,43,0,47,0,25,11,11,70,0,0,43,0
13,0,0,0,64,0,46,0,10,11,26,41,0,0,64,0
14,0,0,0,63,0,20,0,10,11,11,60,0,0,63,0
15,0,0,0,25,0,0,0,10,0,11,59,0,0,25,1
0,0,0,0,23,0,302,1,0,14,0,0,0,0,23,0
1,0,1,10,313,0,342,0,13,9,1,23,1,0,336,0
2,0,0,0,350,0,102,0,8,20,14,309,0,0,376,0
3,0,0,0,134,0,413,0,20,16,9,347,1,0,136,0
4,0,0,0,419,0,281,0,15,12,21,126,0,0,447,1
5,0,0,0,293,0,391,0,11,1,16,415,0,0,315,1
6,0,0,0,398,0,552,0,0,12,12,289,1,0,425,0
7,0,0,0,545,0,290,0,11,5,1,394,0,0,586,1
8,0,0,0,302,0,541,0,4,3,12,542,1,0,324,0
9,0,0,0,534,0,358,0,2,6,5,298,1,0,575,0
10,0,0,0,365,0,239,0,5,10,3,531,0,0,392,1
11,0,0,0,260,0,0,0,9,0,6,363,0,0,273,1
0,0,0,0,40,0,346,1,10,23,0,0,0,0,40,0
1,0,0,0,353,0,391,0,23,1,11,38,0,0,380,0
2,0,0,0,398,0,198,0,0,23,24,351,1,0,425,0
3,0,0,0,222,0,357,0,23,15,1,394,0,0,232,1
4,0,0,0,364,0,359,0,14,12,24,212,1,0,391,0
5,0,0,0,366,0,224,0,11,5,15,362,0,0,393,1
6,0,0,0,249,0,68,0,4,3,12,364,1,0,258,0
7,0,0,0,102,0,142,0,2,6,5,237,1,0,102,0
8,0,0,0,169,0,567,0,5,10,3,94,0,0,176,1
9,0,0,0,557,0,169,0,9,10,6,163,0,0,601,1
10,1,0,0,196,0,0,0,9,0,10,556,0,0,203,1
0,0,0,0,151,0,374,0,0,16,0,0,1,0,156,0
1,0,0,0,381,0,282,0,15,24,1,144,1,0,408,0
2,0,0,0,294,0,265,0,24,24,16,377,1,0,316,0
3,0,0,0,278,0,443,0,24,23,25,290,1,0,299,1
4,0,0,0,447,0,303,0,23,15,25,273,0,0,477,1
5,0,0,0,314,0,68,0,14,3,24,442,1,0,337,0
6,0,0,0,102,0,423,0,2,10,15,310,1,0,102,0
7,0,1,7,429,0,613,0,9,5,3,94,0,0,457,1
8,0,0,0,596,0,551,0,4,3,10,424,1,0,647,1
9,0,1,2,544,0,115,0,2,10,5,600,1,0,585,1
10,1,0,0,145,0,0,0,9,0,3,541,0,0,149,1
0,0,0,0,47,0,128,1,13,9,0,0,0,0,47,0
1,0,0,0,156,0,371,0,8,16,14,44,1,0,162,0
2,0,0,0,378,0,473,0,15,20,9,149,1,0,405,0
3,0,0,0,471,0,541,0,20,3,16,375,0,0,507,1
4,0,0,0,534,0,154,0,2,10,21,469,1,0,575,0
5,0,0,0,181,0,163,0,9,10,3,531,0,0,188,1
6,0,0,0,190,0,87,0,9,1,10,173,0,0,197,1
7,0,0,0,120,0,553,0,0,10,10,181,1,0,121,0
8,1,1,7,546,0,31,0,9,14,1,111,0,0,587,1
9,0,1,10,42,0,486,1,13,24,10,543,0,0,42,0
10,1,0,0,483,0,0,0,24,0,14,40,0,0,520,0
0,0,1,10,42,0,484,1,13,21,0,0,0,0,42,0
1,0,0,0,481,0,302,0,21,14,14,40,0,0,518,1
2,0,1,10,313,0,96,0,13,16,22,479,1,1,336,0
3,0,0,0,128,0,555,0,15,19,14,309,0,0,130,1
4,0,0,0,547,0,62,0,18,11,16,120,1,0,589,0
5,1,1,8,92,1,573,1,10,16,19,545,0,0,92,1
6,0,0,0,561,0,547,0,15,14,11,85,0,0,607,1
7,0,1,10,540,0,158,0,13,21,16,562,1,0,581,1
8,0,0,0,185,0,302,0,21,14,14,537,0,0,192,1
9,0,1,10,313,0,575,0,13,5,22,177,1,1,336,0
10,0,0,0,563,0,541,0,4,3,14,309,1,0,609,1
11,0,0,0,534,0,596,0,2,10,5,564,1,0,575,0
12,1,0,0,581,0,0,0,9,0,3,531,0,0,630,1
0,0,0,0,17,0,551,1,0,3,0,0,0,0,17,0
1,0,1,2,544,0,300,0,2,25,1,18,1,0,585,1
2,0,0,0,134,0,371,0,25,16,3,541,1,0,334,0
3,0,0,0,378,0,305,0,15,16,26,307,1,0,405,0
4,0,0,0,316,0,357,0,15,15,16,375,1,0,339,1
5,0,0,0,364,0,386,0,14,2,16,312,1,0,391,0
6,1,1,1,393,0,204,0,1,10,15,362,0,0,420,0
7,0,0,0,228,0,0,0,9,0,2,389,0,0,238,1
0,0,1,10,90,0,484,1,13,21,0,0,0,0,90,1
1,0,0,0,481,0,344,0,21,14,14,83,0,0,518,1
2,0,1,10,352,0,68,0,13,3,22,479,1,1,378,0
3,0,0,0,102,0,455,0,2,10,14,349,1,0,102,0
4,1,0,0,458,0,399,0,9,10,3,94,0,0,489,1
5,0,0,0,405,0,87,0,9,1,10,453,0,1,433,1
6,0,0,0,120,0,615,0,0,5,10,402,1,1,121,0
7,0,0,0,598,0,294,0,4,22,1,111,0,0,649,1
8,0,0,0,306,0,344,0,22,14,5,602,0,0,328,1
9,0,1,10,352,0,90,0,13,24,23,302,1,1,378,0
10,0,0,0,134,0,458,0,24,22,14,349,1,0,124,0
11,0,0,0,460,0,539,0,22,5,25,114,0,0,492,1
12,0,0,0,532,0,31,0,4,14,23,456,1,0,573,1
13,0,1,10,42,0,461,1,13,24,5,529,0,0,42,0
14,1,0,0,463,0,302,0,24,14,14,40,0,0,495,1
15,0,1,10,313,0,614,0,13,5,25,458,1,0,336,0
16,0,0,0,597,0,5,0,4,2,14,309,0,0,648,1
17,1,0,0,4,0,165,1,1,12,5,601,0,0,4,0
18,0,0,0,192,0,391,0,11,1,2,5,0,0,199,1
19,0,0,0,398,0,152,0,0,20,12,183,1,0,425,0
20,0,0,0,179,0,543,0,20,14,1,394,0,0,186,1
21,0,0,0,536,0,87,0,13,1,21,171,1,1,577,1
22,0,0,0,120,0,318,0,0,20,14,533,1,1,121,0
23,0,0,0,328,0,543,0,20,14,1,111,0,0,352,0
24,0,0,0,536,0,311,0,13,20,21,323,1,1,577,1
25,0,0,0,321,0,541,0,20,3,14,533,0,0,345,1
26,0,0,0,534,0,118,0,2,6,21,318,1,0,575,0
27,0,0,0,146,0,399,0,5,10,3,531,0,0,152,1
28,0,0,0,405,0,611,0,9,9,6,140,0,1,433,1
29,0,0,0,594,0,102,0,8,20,10,402,1,0,645,1
30,0,0,0,134,0,462,0,20,23,9,598,1,0,136,0
31,0,0,0,463,0,315,0,23,16,21,126,0,0,496,1
32,0,0,0,325,0,0,0,15,0,24,459,0,0,349,1
0,0,1,10,42,0,598,1,13,21,0,0,0,1,42,0
1,0,0,0,134,0,329,0,21,22,14,40,1,1,632,0
2,1,0,0,337,0,224,0,22,5,22,586,0,1,363,1
3,0,0,0,249,0,68,0,4,3,23,334,1,1,258,0
4,0,0,0,102,0,335,0,2,10,5,237,1,0,102,0
5,1,0,0,343,0,608,0,9,26,3,94,0,0,369,0
6,0,0,0,591,0,300,0,26,25,10,340,1,0,642,1
7,0,0,0,134,0,412,0,25,6,27,595,1,0,334,0
8,0,0,0,418,0,87,0,5,1,26,307,0,0,446,1
9,0,0,0,120,0,264,0,0,25,6,414,1,0,121,0
10,0,0,0,278,0,81,0,25,13,1,111,1,0,298,0
11,0,0,0,115,0,541,0,12,3,26,272,1,0,115,0
12,0,0,0,534,0,214,0,2,12,13,105,1,0,575,0
13,1,1,9,238,0,539,0,11,5,3,531,0,0,248,1
14,0,0,0,532,0,31,0,4,14,12,227,1,0,573,1
15,0,1,10,42,0,598,1,13,21,5,529,0,1,42,0
16,0,0,0,134,0,329,0,21,22,14,40,1,1,632,0
17,1,0,0,337,0,224,0,22,5,22,586,0,1,363,1
18,0,0,0,249,0,0,0,4,0,23,334,1,1,258,0
0,0,1,10,42,0,620,1,13,9,0,0,0,0,42,0
1,0,0,0,601,0,274,0,8,16,14,40,0,0,654,1
2,0,0,0,285,0,449,0,15,20,9,607,0,0,308,1
3,0,0,0,453,0,551,0,20,3,16,282,0,0,483,1
4,0,1,2,544,0,386,0,2,2,21,448,1,0,585,1
5,1,1,1,393,0,555,0,1,19,3,541,0,0,420,0
6,0,0,0,547,0,357,0,18,15,2,389,1,0,589,0
7,0,0,0,364,0,235,0,14,12,19,545,1,0,391,0
8,0,0,0,257,0,0,0,11,0,15,362,0,0,269,1
0,0,1,10,42,0,276,1,13,16,0,0,0,1,42,0
1,0,0,0,287,0,333,0,15,24,14,40,0,0,310,1
2,0,0,0,341,0,357,0,24,15,16,284,0,0,367,1
3,0,0,0,364,0,335,0,14,10,25,338,1,0,391,0
4,1,0,0,343,0,540,0,9,12,15,362,0,1,369,0
5,0,0,0,533,0,610,0,11,28,10,340,0,0,574,1
6,0,0,0,593,0,31,0,28,14,12,530,1,0,644,0
7,0,1,10,42,0,85,1,13,24,29,597,0,1,42,0
8,0,0,0,134,0,68,0,24,3,14,40,1,0,119,0
9,0,0,0,102,0,481,0,2,10,25,109,1,0,102,0
10,0,0,0,479,0,426,0,9,23,3,94,0,0,515,1
11,0,0,0,432,0,335,0,23,2,10,476,0,0,460,1
12,1,0,0,343,0,75,0,1,10,24,427,0,1,369,0
13,0,0,0,109,0,0,0,9,0,2,340,0,0,109,1
0,0,0,0,17,0,546,1,0,3,0,0,0,0,17,0
1,0,0,0,539,0,90,0,2,24,1,18,1,0,580,1
2,0,0,0,134,0,508,0,24,3,3,536,1,0,124,0
3,0,0,0,503,0,446,0,2,12,25,114,1,0,542,1
4,0,0,0,449,0,624,0,11,14,3,500,0,0,480,1
5,0,1,10,606,0,492,0,13,9,12,445,1,0,658,0
6,0,0,0,487,0,246,0,8,20,14,611,1,0,526,1
7,0,0,0,265,0,68,0,20,3,9,487,0,0,280,0
8,0,0,0,102,0,336,0,2,10,21,255,1,0,102,0
9,0,0,0,344,0,422,0,9,10,3,94,0,0,370,1
10,0,0,0,428,0,0,0,9,0,10,341,0,0,456,0
0,0,0,0,15,0,309,1,15,25,0,0,0,0,15,1
1,0,0,0,320,0,332,0,25,6,16,16,0,0,343,1
2,0,0,0,340,0,606,0,5,28,26,316,0,0,366,1
3,0,0,0,589,0,541,0,28,3,6,337,1,0,640,1
4,0,0,0,534,0,212,0,2,10,29,593,1,0,575,0
5,1,0,0,236,0,598,0,9,21,3,531,0,0,246,0
6,0,0,0,134,0,465,0,21,22,10,225,1,0,632,0
7,1,0,0,465,0,0,0,22,0,22,586,0,0,499,1
0,0,0,0,46,0,168,1,4,10,0,0,0,0,46,0
1,0,0,0,195,0,31,0,9,14,5,43,0,0,202,1
2,0,1,10,42,0,126,1,13,21,10,185,0,0,42,0
3,0,0,0,155,0,542,0,21,15,14,40,0,0,160,1
4,0,0,0,535,0,22,0,14,11,22,147,1,0,576,1
5,1,0,0,28,0,57,1,10,11,15,532,0,0,28,1
6,1,0,0,79,0,375,1,10,10,11,27,0,0,79,1
7,1,0,0,382,0,87,0,9,1,11,73,0,0,409,1
8,0,0,0,120,0,598,0,0,21,10,378,1,1,121,0
9,0,0,0,134,0,557,0,21,23,1,111,1,0,632,0
10,0,0,0,529,0,539,0,23,5,22,586,0,0,591,1
11,0,0,0,532,0,357,0,4,15,24,546,1,1,573,1
12,0,0,0,364,0,596,0,14,10,5,529,1,0,391,0
13,1,0,0,581,0,259,0,9,21,15,362,0,0,630,1
14,0,0,0,278,0,205,0,21,23,10,584,1,0,293,0
15,0,0,0,229,0,6,0,23,2,22,267,0,0,239,1
16,1,0,0,5,0,165,1,1,12,24,218,0,0,5,0
17,0,0,0,192,0,383,0,11,6,2,6,0,0,199,1
18,0,0,0,390,0,87,0,5,1,12,183,0,0,417,0
19,0,0,0,120,0,539,0,0,5,6,386,1,1,121,0
20,0,0,0,532,0,541,0,4,3,1,111,1,1,573,1
21,0,0,0,534,0,421,0,2,10,5,529,1,0,575,0
22,0,0,0,427,0,378,0,9,5,3,531,0,0,455,1
23,0,0,0,385,0,531,0,4,22,10,423,1,0,412,0
24,1,0,0,523,0,555,0,22,19,5,381,0,0,565,1
25,0,0,0,547,0,68,0,18,3,23,522,1,0,589,0
26,0,0,0,102,0,535,0,2,10,19,545,1,0,102,0
27,1,0,0,527,0,620,0,9,9,3,94,0,0,569,1
28,0,0,0,601,0,156,0,8,20,10,525,0,0,654,1
29,1,0,0,183,0,344,0,20,14,9,607,0,0,190,1
30,0,1,10,352,0,265,0,13,20,21,175,1,0,378,0
31,0,0,0,278,0,625,0,20,15,14,349,1,0,299,1
32,0,0,0,607,0,161,0,14,10,21,273,1,0,659,1
33,0,0,0,188,0,129,0,9,10,15,612,0,0,195,1
34,1,0,0,157,0,442,0,9,6,10,179,0,0,163,1
35,0,0,0,446,0,0,0,5,0,10,150,0,0,476,1
0,0,1,10,42,0,433,1,13,21,0,0,0,0,42,0
1,0,0,0,438,0,551,0,21,3,14,40,0,0,467,1
2,0,1,2,544,0,312,0,2,10,22,434,1,0,585,1
3,0,1,7,322,0,609,0,9,5,3,541,0,0,346,1
4,0,1,4,592,0,384,0,4,5,10,319,1,0,643,1
5,0,0,0,391,0,68,0,4,3,5,596,1,0,418,0
6,0,0,0,102,0,121,0,2,10,5,387,1,0,102,0
7,1,0,0,150,0,569,0,9,10,3,94,0,0,155,1
8,0,0,0,558,0,555,0,9,19,10,143,0,0,603,1
9,0,0,0,547,0,306,0,18,20,10,558,1,0,589,0
10,0,0,0,317,0,580,0,20,18,19,545,0,0,340,1
11,0,0,0,568,0,613,0,17,5,21,313,1,0,614,0
12,0,0,0,596,0,357,0,4,15,18,569,1,0,647,1
13,0,0,0,364,0,189,0,14,10,5,600,1,0,391,0
14,0,0,0,213,0,0,0,9,0,15,362,0,0,223,1
0,0,0,0,89,0,84,1,3,16,0,0,0,0,89,1
1,0,0,0,118,0,480,0,15,21,4,82,0,0,118,1
2,0,0,0,478,0,555,0,21,19,16,108,0,0,514,1
3,0,0,0,547,0,102,0,18,20,22,475,1,2,589,0
4,0,0,0,134,0,68,0,20,3,19,545,1,1,136,0
5,0,0,0,102,0,423,0,2,10,21,126,1,0,102,0
6,0,1,7,429,0,613,0,9,5,3,94,0,0,457,1
7,0,0,0,596,0,541,0,4,3,10,424,1,0,647,1
8,0,0,0,534,0,262,0,2,6,5,600,1,0,575,0
9,1,0,0,276,0,177,0,5,10,3,531,0,0,296,1
10,1,0,0,203,0,93,0,9,5,6,270,0,0,211,1
11,0,0,0,102,0,133,0,4,6,10,192,1,0,127,0
12,0,0,0,160,0,554,0,5,12,5,117,0,0,167,1
13,0,0,0,546,0,612,0,11,24,6,154,0,0,588,1
14,1,0,0,595,0,324,0,24,12,12,544,0,0,646,1
15,1,0,0,334,0,122,0,11,1,25,599,0,0,358,1
16,0,0,0,151,0,137,0,0,12,12,329,1,0,156,0
17,0,0,0,164,0,555,0,11,19,1,144,0,0,171,1
18,0,0,0,547,0,371,0,18,16,12,158,1,2,589,0
19,0,0,0,378,0,102,0,15,20,19,545,1,0,405,0
20,0,0,0,134,0,69,0,20,6,16,375,1,1,136,0
21,0,0,0,103,0,555,0,5,19,21,126,0,0,103,1
22,0,0,0,547,0,219,0,18,20,6,95,1,2,589,0
23,1,0,0,244,0,88,0,20,3,19,545,0,0,253,1
24,0,0,0,121,0,184,0,2,12,21,232,1,0,122,0
25,1,0,0,208,0,391,0,11,1,3,112,0,0,218,1
26,0,0,0,398,0,217,0,0,12,12,199,1,0,425,0
27,1,0,0,242,0,0,0,11,0,1,394,0,0,251,1
0,1,0,0,31,0,582,1,11,21,0,0,0,0,31,1
1,0,0,0,569,0,382,0,21,6,12,30,0,0,616,1
2,0,0,0,389,0,122,0,5,1,22,571,0,0,416,0
3,0,0,0,151,0,541,0,0,3,6,385,1,0,156,0
4,0,0,0,534,0,17,0,2,11,1,144,1,2,575,0
5,1,0,0,21,1,581,0,10,10,3,531,0,0,21,1
6,1,0,0,569,0,237,0,9,21,11,21,0,0,615,1
7,0,0,0,255,0,541,0,21,3,10,570,0,0,271,1
8,0,0,0,534,0,527,0,2,10,22,248,1,2,575,0
9,1,0,0,521,0,580,0,9,16,3,531,0,0,561,1
10,0,0,0,568,0,87,0,15,1,10,518,1,0,614,0
11,0,0,0,120,0,541,0,0,3,16,569,1,0,121,0
12,0,0,0,534,0,146,0,2,10,1,111,1,2,575,0
13,1,1,7,173,0,494,0,9,21,3,531,0,0,180,1
14,1,0,0,489,0,182,0,21,18,10,166,0,0,528,1
15,0,0,0,206,0,0,0,17,0,22,489,1,0,216,1
0,0,1,10,540,0,330,0,13,21,0,0,1,0,581,1
1,0,0,0,338,0,357,0,21,15,14,537,0,0,364,1
2,0,0,0,364,0,312,0,14,10,22,335,1,0,391,0
3,0,1,7,322,0,224,0,9,5,15,362,0,0,346,1
4,0,0,0,249,0,68,0,4,3,10,319,1,0,258,0
5,0,0,0,102,0,349,0,2,10,5,237,1,0,102,0
6,0,0,0,356,0,0,0,9,0,3,94,0,0,383,1
0,0,0,0,81,0,6,1,5,2,0,0,0,0,81,1
1,1,0,0,5,0,277,1,1,12,6,75,0,0,5,0
2,0,1,9,288,0,384,0,11,5,2,6,0,0,311,1
3,0,0,0,391,0,406,0,4,10,12,285,1,0,418,0
4,1,1,7,412,0,613,0,9,5,5,387,0,0,440,1
5,0,0,0,596,0,30,0,4,11,10,409,1,0,647,1
6,1,0,0,39,0,61,0,10,11,5,600,0,0,39,0
7,1,0,0,86,0,58,1,10,11,11,37,0,0,86,1
8,1,0,0,83,0,0,1,10,0,11,79,0,0,83,1
0,0,0,0,91,0,300,1,2,25,0,0,0,0,91,1
1,0,0,0,134,0,357,0,25,15,3,84,1,1,334,0
2,0,0,0,364,0,479,0,14,6,26,307,1,1,391,0
3,0,0,0,477,0,312,0,5,6,15,362,0,0,513,1
4,0,1,5,322,0,87,0,5,1,6,474,0,0,346,1
5,0,0,0,120,0,302,0,0,14,6,319,1,1,121,0
6,0,1,10,313,0,300,0,13,25,1,111,1,0,336,0
7,0,0,0,134,0,267,0,25,6,14,309,1,1,334,0
8,0,0,0,279,0,87,0,5,1,26,307,0,0,301,1
9,0,0,0,120,0,493,0,0,12,6,275,1,1,121,0
10,0,0,0,488,0,71,0,11,5,1,111,0,0,527,1
11,0,0,0,105,0,357,0,4,15,12,488,1,0,105,1
12,0,0,0,364,0,220,0,14,6,5,97,1,1,391,0
13,0,0,0,245,0,0,0,5,0,15,362,0,0,254,1
0,0,0,0,126,0,220,0,4,6,0,0,1,0,128,0
1,0,0,0,245,0,0,0,5,0,5,118,0,0,254,1
0,0,0,0,80,0,378,1,9,5,0,0,0,0,80,1
1,0,0,0,385,0,541,0,4,3,10,74,1,0,412,0
2,0,0,0,534,0,119,0,2,10,5,381,1,0,575,0
3,1,0,0,148,0,302,0,9,14,3,531,0,0,153,1
4,0,1,10,313,0,558,0,13,16,10,141,1,0,336,0
5,0,0,0,549,0,264,0,15,25,14,309,1,0,592,0
6,0,0,0,278,0,424,0,25,12,16,547,1,0,298,0
7,0,1,9,430,0,0,0,11,0,26,272,0,0,458,1
0,0,1,10,42,0,550,1,13,24,0,0,0,1,42,0
1,0,0,0,543,0,305,0,24,16,14,40,0,0,584,1
2,0,0,0,316,0,250,0,15,22,25,540,1,0,339,1
3,0,0,0,267,0,236,0,22,5,16,312,0,1,284,1
4,0,0,0,258,0,48,0,4,10,23,259,1,0,270,1
5,0,1,7,67,0,555,0,9,19,5,247,0,0,67,0
6,0,0,0,547,0,36,0,18,11,10,63,1,0,589,0
7,1,0,0,50,1,264,1,10,25,19,545,0,0,50,0
8,0,0,0,278,0,255,0,25,23,11,47,1,0,298,0
9,0,0,0,265,0,344,0,23,14,26,272,0,0,289,1
10,0,1,10,352,0,562,0,13,16,24,263,1,0,378,0
11,0,0,0,552,0,514,0,15,21,14,349,0,0,596,1
12,0,0,0,509,0,87,0,21,1,16,551,0,0,548,1
13,0,0,0,120,0,31,0,0,14,22,506,1,0,121,0
14,0,1,10,42,0,128,1,13,9,1,111,0,1,42,0
15,0,0,0,156,0,371,0,8,16,14,40,1,0,162,0
16,0,0,0,378,0,288,0,15,20,9,149,1,0,405,0
17,0,0,0,300,0,195,0,20,16,16,375,0,0,322,1
18,0,0,0,219,0,250,0,15,22,21,296,0,0,229,1
19,0,0,0,267,0,96,0,22,18,16,209,0,1,284,1
20,0,0,0,128,0,0,0,17,0,23,259,0,0,130,1
0,0,0,0,87,0,307,1,2,10,0,0,0,0,87,0
1,1,1,7,318,0,300,0,9,25,3,80,0,0,341,1
2,0,0,0,134,0,558,0,25,16,10,314,1,0,334,0
3,0,0,0,549,0,501,0,15,6,26,307,1,0,592,0
4,0,0,0,496,0,0,0,5,0,16,547,0,0,535,1
0,0,0,0,61,0,357,1,15,15,0,0,0,0,61,1
1,0,0,0,364,0,146,0,14,10,16,57,1,0,391,0
2,1,1,7,173,0,166,0,9,25,15,362,0,0,180,1
3,0,0,0,193,0,304,0,25,14,10,166,0,0,200,1
4,0,0,0,315,0,87,0,13,1,26,184,1,0,338,1
5,0,0,0,120,0,466,0,0,20,14,311,1,0,121,0
6,1,0,0,465,0,68,0,20,3,1,111,0,0,500,1
7,0,0,0,102,0,594,0,2,10,21,463,1,0,102,0
8,1,0,0,579,0,476,0,9,6,3,94,0,0,628,1
9,1,0,0,474,0,0,0,5,0,10,582,0,0,510,1
0,0,1,10,313,0,264,0,13,25,0,0,1,4,336,0
1,0,0,0,278,0,302,0,25,14,14,309,1,1,298,0
2,0,1,10,313,0,300,0,13,25,26,272,1,4,336,0
3,0,0,0,134,0,321,0,25,5,14,309,1,1,334,0
4,0,0,0,331,0,10,0,4,2,26,307,0,0,355,1
5,1,0,0,9,0,431,1,1,12,5,326,0,0,9,0
6,1,0,0,437,0,122,0,11,1,2,10,0,0,465,1
7,0,0,0,151,0,287,0,0,5,12,432,1,0,156,0
8,0,0,0,299,0,624,0,4,14,1,144,1,0,321,0
9,0,1,10,606,0,128,0,13,9,5,295,1,0,658,0
10,0,0,0,156,0,327,0,8,20,14,611,1,0,162,0
11,1,0,0,337,0,400,0,20,5,9,149,0,0,361,1
12,0,0,0,406,0,302,0,4,14,21,332,0,0,434,1
13,0,1,10,313,0,302,0,13,14,5,403,1,4,336,0
14,0,1,10,313,0,264,0,13,25,14,309,1,4,336,0
15,0,0,0,278,0,302,0,25,14,14,309,1,1,298,0
16,0,1,10,313,0,300,0,13,25,26,272,1,4,336,0
17,0,0,0,134,0,26,0,25,6,14,309,1,1,334,0
18,0,0,0,34,1,0,0,5,0,26,307,0,0,34,1
0,0,1,10,313,0,264,0,13,25,0,0,1,2,336,0
1,0,0,0,278,0,302,0,25,14,14,309,1,0,298,0
2,0,1,10,313,0,300,0,13,25,26,272,1,2,336,0
3,0,0,0,134,0,305,0,25,16,14,309,1,1,334,0
4,0,0,0,316,0,93,0,15,5,26,307,1,0,339,1
5,0,0,0,125,0,213,0,4,16,16,312,1,1,127,0
6,0,0,0,237,0,613,0,15,5,5,117,0,0,247,1
7,0,0,0,596,0,386,0,4,2,16,226,1,1,647,1
8,1,1,1,393,0,428,0,1,10,5,600,0,0,420,0
9,1,0,0,434,0,389,0,9,6,2,389,0,0,462,1
10,0,0,0,396,0,93,0,5,5,10,429,0,1,423,1
11,0,0,0,102,0,302,0,4,14,6,392,1,1,127,0
12,0,1,10,313,0,300,0,13,25,5,117,1,2,336,0
13,0,0,0,134,0,613,0,25,5,14,309,1,1,334,0
14,0,0,0,596,0,499,0,4,6,26,307,1,1,647,1
15,0,0,0,494,0,389,0,5,6,5,600,0,0,533,1
16,0,0,0,396,0,0,0,5,0,6,493,0,1,423,1
0,0,0,0,82,0,575,1,15,5,0,0,0,0,82,1
1,0,0,0,563,0,597,0,4,10,16,76,1,0,609,1
2,1,0,0,582,0,505,0,9,16,5,564,0,0,631,1
3,0,0,0,500,0,126,0,15,21,10,585,1,0,539,0
4,0,0,0,155,0,62,0,21,11,16,497,0,0,160,1
5,1,1,8,92,1,370,1,10,3,22,147,0,0,92,1
6,0,0,0,377,0,269,0,2,10,11,85,1,0,404,0
7,1,0,0,281,0,94,0,9,5,3,374,0,0,303,1
8,0,0,0,126,0,81,0,4,3,10,277,1,0,128,0
9,0,0,0,115,0,0,0,2,0,5,118,1,0,115,0
0,0,1,10,42,0,598,1,13,21,0,0,0,0,42,0
1,0,0,0,134,0,261,0,21,6,14,40,1,0,632,0
2,0,0,0,275,0,613,0,5,5,22,586,0,0,295,1
3,0,0,0,596,0,42,0,4,11,6,269,1,0,647,1
4,0,0,0,56,0,432,1,10,10,5,600,0,0,56,0
5,0,0,0,438,0,378,0,9,5,11,53,0,0,466,1
6,0,0,0,385,0,68,0,4,3,10,433,1,0,412,0
7,0,0,0,102,0,62,0,2,11,5,381,1,0,102,0
8,1,1,8,92,0,56,1,10,11,3,94,0,1,92,1
9,0,0,0,78,0,34,1,10,11,11,85,0,0,78,1
10,0,0,0,48,0,53,1,10,11,11,72,0,0,48,1
11,0,0,0,74,0,312,1,10,10,11,45,0,0,74,1
12,0,1,7,322,0,579,0,9,5,11,69,0,0,346,1
13,0,0,0,567,0,302,0,4,14,10,319,1,0,613,1
14,0,1,10,313,0,127,0,13,21,5,568,1,1,336,0
15,0,0,0,167,0,553,0,21,10,14,309,0,0,161,1
16,1,1,7,546,0,555,0,9,19,22,148,0,0,587,1
17,0,0,0,547,0,265,0,18,20,10,543,1,0,589,0
18,0,0,0,278,0,302,0,20,14,19,545,1,0,299,1
19,0,1,10,313,0,452,0,13,23,21,273,1,1,336,0
20,0,0,0,455,0,575,0,23,5,14,309,0,0,486,1
21,0,0,0,563,0,541,0,4,3,24,451,1,0,609,1
22,0,0,0,534,0,62,0,2,11,5,564,1,0,575,0
23,1,1,8,92,0,65,1,10,11,3,531,0,1,92,1
24,1,0,0,95,0,0,1,10,0,11,85,0,0,95,1
0,0,1,10,42,0,35,1,13,24,0,0,0,0,42,0
1,0,0,0,49,0,33,0,24,11,14,40,0,0,49,1
2,1,0,0,44,0,0,0,10,0,25,46,0,0,44,0
0,0,0,0,16,0,52,1,5,10,0,0,0,0,16,1
1,1,0,0,73,0,0,1,9,0,6,17,0,0,73,1
0,0,0,0,87,0,211,1,2,10,0,0,0,0,87,0
1,0,0,0,235,0,539,0,9,5,3,80,0,0,245,1
2,0,0,0,532,0,624,0,4,14,10,224,1,0,573,1
3,0,1,10,606,0,128,0,13,9,5,529,1,0,658,0
4,0,0,0,156,0,513,0,8,20,14,611,1,0,162,0
5,0,0,0,508,0,394,0,20,18,9,149,0,0,547,1
6,0,0,0,401,0,2,0,17,2,21,505,1,0,428,1
7,0,0,0,1,0,384,1,1,5,18,397,0,0,1,0
8,0,0,0,391,0,305,0,4,16,2,2,1,0,418,0
9,0,0,0,316,0,68,0,15,3,5,387,1,0,339,1
10,0,0,0,102,0,601,0,2,10,16,312,1,0,102,0
11,1,0,0,585,0,576,0,9,25,3,94,0,0,635,1
12,0,0,0,564,0,541,0,25,3,10,588,0,0,610,1
13,0,0,0,534,0,590,0,2,10,26,565,1,0,575,0
14,1,0,0,575,0,378,0,9,5,3,531,0,0,624,1
15,0,0,0,385,0,551,0,4,3,10,578,1,0,412,0
16,0,1,2,544,0,337,0,2,10,5,381,1,0,585,1
17,0,0,0,345,0,0,0,9,0,3,541,0,0,371,1
0,0,1,10,42,0,338,1,13,16,0,0,0,0,42,0
1,0,0,0,346,0,585,0,15,24,14,40,0,0,372,1
2,1,0,0,572,0,302,0,24,14,16,343,0,0,619,0
3,0,1,10,313,0,224,0,13,5,25,574,1,0,336,0
4,0,0,0,249,0,189,0,4,6,14,309,1,0,258,0
5,0,0,0,213,0,297,0,5,10,5,237,0,0,223,1
6,1,0,0,309,0,87,0,9,1,6,204,0,0,331,1
7,0,0,0,120,0,340,0,0,22,10,304,1,0,121,0
8,1,0,0,348,0,405,0,22,6,1,111,0,0,374,1
9,1,0,0,411,0,217,0,5,12,23,345,0,0,439,1
10,1,0,0,241,0,407,0,11,12,6,408,0,0,251,1
11,0,0,0,413,0,593,0,11,12,12,230,0,0,441,1
12,0,0,0,578,0,193,0,11,24,12,410,0,0,627,1
13,0,0,0,217,0,0,0,24,0,12,581,0,0,227,0
0,1,0,0,10,0,349,1,2,10,0,0,0,0,10,0
1,0,0,0,356,0,391,0,9,1,3,11,0,0,383,1
2,0,0,0,398,0,505,0,0,16,10,354,1,0,425,0
3,0,0,0,500,0,80,0,15,5,1,394,1,0,539,0
4,0,0,0,114,0,541,0,4,3,16,497,0,0,114,0
5,0,0,0,534,0,231,0,2,22,5,104,1,0,575,0
6,0,0,0,254,0,352,0,22,10,3,531,0,0,265,1
7,1,0,0,359,0,305,0,9,16,23,244,0,0,386,1
8,0,0,0,316,0,172,0,15,21,10,357,1,0,339,1
9,0,0,0,198,0,0,0,21,0,16,312,0,0,206,1
0,0,0,0,87,0,527,1,2,10,0,0,0,0,87,0
1,1,0,0,521,0,302,0,9,14,3,80,0,0,561,1
2,0,1,10,313,0,140,0,13,25,10,518,1,2,336,0
3,0,0,0,167,0,613,0,25,5,14,309,0,0,174,1
4,0,0,0,596,0,179,0,4,25,26,161,1,1,647,1
5,0,0,0,204,0,371,0,25,16,5,600,1,0,213,1
6,0,0,0,378,0,616,0,15,20,26,194,1,1,405,0
7,1,1,12,599,0,430,0,20,16,16,375,0,0,650,1
8,0,0,0,436,0,505,0,15,16,21,603,0,0,464,1
9,0,0,0,500,0,606,0,15,28,16,431,1,0,539,0
10,0,0,0,589,0,570,0,28,22,16,497,1,0,640,1
11,0,0,0,559,0,555,0,22,19,29,593,0,0,604,1
12,0,0,0,547,0,221,0,18,20,23,559,1,0,589,0
13,0,0,0,246,0,541,0,20,3,19,545,0,0,255,0
14,0,0,0,534,0,424,0,2,12,21,234,1,0,575,0
15,0,1,9,430,0,613,0,11,5,3,531,0,0,458,1
16,0,0,0,596,0,302,0,4,14,12,425,1,1,647,1
17,0,1,10,313,0,302,0,13,14,5,600,1,2,336,0
18,0,1,10,313,0,518,0,13,21,14,309,1,2,336,0
19,0,0,0,512,0,371,0,21,16,14,309,0,0,552,1
20,0,0,0,378,0,617,0,15,22,22,509,1,1,405,0
21,1,0,0,599,0,94,0,22,5,16,375,0,0,651,1
22,0,0,0,126,0,81,0,4,3,23,604,1,0,128,0
23,0,0,0,115,0,0,0,2,0,5,118,1,0,115,0
0,0,0,0,88,0,78,1,15,5,0,0,0,0,88,1
1,0,0,0,112,0,8,0,4,2,16,81,1,0,112,1
2,1,0,0,7,0,391,1,1,1,5,103,0,0,7,0
3,0,0,0,398,0,505,0,0,16,2,8,1,0,425,0
4,0,0,0,500,0,350,0,15,12,1,394,1,1,539,0
5,0,0,0,357,0,541,0,11,3,16,497,0,0,384,1
6,0,0,0,534,0,136,0,2,10,12,355,1,0,575,0
7,1,0,0,163,0,522,0,9,21,3,531,0,0,170,1
8,0,0,0,516,0,617,0,21,22,10,157,0,0,556,1
9,1,0,0,599,0,505,0,22,16,22,513,0,0,651,1
10,0,0,0,500,0,31,0,15,14,23,604,1,1,539,0
11,0,1,10,42,0,598,1,13,21,16,497,0,0,42,0
12,0,0,0,134,0,226,0,21,23,14,40,1,0,632,0
13,0,0,0,250,0,555,0,23,19,22,586,0,0,260,1
14,0,0,0,547,0,249,0,18,20,24,239,1,1,589,0
15,0,0,0,267,0,393,0,20,18,19,545,0,0,283,0
16,0,0,0,400,0,87,0,17,1,21,258,1,0,427,0
17,0,0,0,120,0,123,0,0,20,18,396,1,0,121,0
18,0,0,0,152,0,365,0,20,6,1,111,0,0,157,0
19,0,0,0,372,0,263,0,5,10,21,145,0,0,399,0
20,1,0,0,277,0,305,0,9,16,6,370,0,0,297,1
21,0,0,0,316,0,555,0,15,19,10,271,1,0,339,1
22,0,0,0,547,0,306,0,18,20,16,312,1,1,589,0
23,0,0,0,317,0,551,0,20,3,19,545,0,0,340,1
24,0,1,2,544,0,146,0,2,10,21,313,1,0,585,1
25,1,1,7,173,0,465,0,9,22,3,541,0,0,180,1
26,1,0,0,465,0,0,0,22,0,10,166,0,0,499,1
0,0,1,10,42,0,559,1,13,21,0,0,0,0,42,0
1,0,0,0,522,0,302,0,21,14,14,40,0,0,593,1
2,0,1,10,313,0,96,0,13,18,22,548,1,0,336,0
3,0,0,0,128,0,555,0,17,19,14,309,0,0,130,1
4,0,0,0,547,0,18,0,18,11,18,120,1,0,589,0
5,0,0,0,22,0,19,1,10,11,19,545,0,0,22,1
6,0,0,0,24,0,607,1,10,28,11,22,0,0,24,0
7,0,0,0,590,0,547,0,28,14,11,24,1,0,641,1
8,0,1,10,540,0,605,0,13,21,29,594,1,0,581,1
9,0,0,0,134,0,505,0,21,16,14,537,1,0,639,1
10,0,0,0,500,0,270,0,15,6,22,592,1,0,539,0
11,0,0,0,282,0,87,0,5,1,16,497,0,0,304,1
12,0,0,0,120,0,289,0,0,16,6,278,1,0,121,0
13,0,0,0,301,0,244,0,15,21,1,111,0,0,323,1
14,0,0,0,266,0,344,0,21,14,16,297,0,0,278,1
15,0,1,10,352,0,68,0,13,3,22,253,1,0,378,0
16,0,0,0,102,0,365,0,2,6,14,349,1,0,102,0
17,0,0,0,372,0,386,0,5,2,3,94,0,0,399,0
18,1,1,1,393,0,0,0,1,0,6,370,0,0,420,0
0,0,0,0,45,0,624,1,4,14,0,0,0,0,45,0
1,0,1,10,606,0,259,0,13,21,5,42,1,1,658,0
2,0,0,0,278,0,48,0,21,10,14,611,1,0,293,0
3,0,1,7,67,0,224,0,9,5,22,267,0,0,67,0
4,0,0,0,249,0,230,0,4,2,10,63,1,0,258,0
5,0,0,0,253,0,622,0,1,12,5,237,0,0,264,1
6,0,0,0,603,0,31,0,11,14,2,243,0,0,656,1
7,0,1,10,42,0,128,1,13,9,12,609,0,0,42,0
8,0,0,0,156,0,82,0,8,16,14,40,1,0,162,0
9,0,0,0,116,0,243,0,15,20,9,149,0,0,116,1
10,0,0,0,263,0,539,0,20,5,16,106,0,0,277,1
11,0,0,0,532,0,509,0,4,10,21,252,1,0,573,1
12,0,0,0,504,0,620,0,9,9,5,529,0,0,543,1
13,0,0,0,601,0,378,0,8,5,10,501,0,0,654,1
14,0,0,0,385,0,251,0,4,23,9,607,1,0,412,0
15,0,0,0,267,0,621,0,23,6,5,381,0,0,285,1
16,0,0,0,602,0,125,0,5,5,24,260,0,0,655,1
17,0,0,0,154,0,374,0,4,16,6,608,1,0,159,0
18,0,0,0,381,0,343,0,15,16,5,146,1,0,408,0
19,0,0,0,351,0,194,0,15,16,16,377,0,0,377,1
20,0,0,0,218,0,227,0,15,22,16,348,0,0,228,1
21,0,0,0,250,0,624,0,22,14,16,208,0,0,261,1
22,0,1,10,606,0,555,0,13,19,23,240,1,1,658,0
23,0,0,0,547,0,454,0,18,20,14,611,1,0,589,0
24,0,0,0,457,0,625,0,20,15,19,545,0,0,488,1
25,0,0,0,607,0,192,0,14,6,21,452,1,0,659,1
26,0,0,0,216,0,146,0,5,10,15,612,0,0,226,1
27,1,1,7,173,0,0,0,9,0,6,207,0,0,180,1
0,1,0,0,5,0,603,1,1,12,0,0,0,0,5,0
1,0,0,0,587,0,78,0,11,5,2,6,0,0,637,1
2,0,0,0,112,0,248,0,4,22,12,590,1,0,112,1
3,0,0,0,266,0,541,0,22,3,5,103,0,0,282,1
4,0,0,0,534,0,146,0,2,10,23,257,1,2,575,0
5,1,1,7,173,0,224,0,9,5,3,531,0,0,180,1
6,0,0,0,249,0,451,0,4,10,10,166,1,0,258,0
7,1,1,7,455,0,21,0,9,23,5,237,0,0,485,1
8,0,0,0,26,0,268,1,23,12,10,450,0,0,26,1
9,0,0,0,280,0,547,0,11,14,24,25,0,0,302,1
10,0,1,10,540,0,456,0,13,24,12,276,1,1,581,1
11,0,0,0,459,0,539,0,24,5,14,537,0,0,490,1
12,0,0,0,532,0,547,0,4,14,25,454,1,0,573,1
13,0,1,10,540,0,265,0,13,24,5,529,1,1,581,1
14,0,0,0,278,0,371,0,24,16,14,537,1,0,299,1
15,0,0,0,378,0,328,0,15,23,25,273,1,0,405,0
16,0,0,0,337,0,94,0,23,5,16,375,0,0,362,1
17,0,0,0,126,0,302,0,4,14,24,333,1,0,128,0
18,0,1,10,313,0,623,0,13,16,5,118,1,1,336,0
19,0,0,0,605,0,122,0,15,1,14,309,0,0,657,0
20,0,0,0,151,0,302,0,0,14,16,610,1,0,156,0
21,0,1,10,313,0,300,0,13,25,1,144,1,1,336,0
22,0,0,0,134,0,384,0,25,5,14,309,1,0,334,0
23,0,0,0,391,0,541,0,4,3,26,307,1,0,418,0
24,0,0,0,534,0,560,0,2,10,5,387,1,2,575,0
25,0,0,0,550,0,378,0,9,5,3,531,0,0,594,0
26,0,0,0,385,0,541,0,4,3,10,549,1,0,412,0
27,0,0,0,534,0,516,0,2,10,5,381,1,2,575,0
28,0,0,0,511,0,0,0,9,0,3,531,0,0,550,1
0,0,0,0,91,0,337,1,2,10,0,0,0,0,91,1
1,0,0,0,345,0,167,0,9,12,3,84,0,0,371,1
2,0,0,0,194,0,0,0,11,0,10,342,0,0,201,1
0,0,0,0,88,0,6,1,15,2,0,0,0,0,88,1
1,1,0,0,5,0,378,1,1,5,16,81,0,0,5,0
2,0,0,0,385,0,357,0,4,15,2,6,1,0,412,0
3,0,0,0,364,0,361,0,14,12,5,381,1,0,391,0
4,0,0,0,368,0,605,0,11,21,15,362,0,0,395,1
5,0,0,0,134,0,250,0,21,22,12,366,1,0,639,1
6,0,0,0,267,0,298,0,22,5,22,592,0,0,284,1
7,0,0,0,310,0,356,0,4,10,23,259,1,0,332,1
8,1,0,0,363,0,87,0,9,1,5,305,0,0,390,1
9,0,0,0,120,0,111,0,0,3,10,361,1,0,121,0
10,0,0,0,142,0,215,0,2,21,1,111,1,0,145,1
11,0,0,0,239,0,290,0,21,5,3,135,0,0,249,1
12,0,0,0,302,0,333,0,4,10,22,228,1,0,324,0
13,0,0,0,341,0,613,0,9,5,5,298,0,0,367,1
14,0,0,0,596,0,541,0,4,3,10,338,1,0,647,1
15,0,0,0,534,0,37,0,2,11,5,600,1,0,575,0
16,0,0,0,51,0,51,0,10,11,3,531,0,0,51,1
17,1,0,0,72,0,0,1,10,0,11,48,0,0,72,0
0,0,1,10,42,0,144,1,13,24,0,0,0,0,42,0
1,0,0,0,171,0,79,0,24,16,14,40,0,0,178,1
2,0,0,0,113,0,0,0,15,0,25,165,1,0,113,1
0,0,0,0,91,0,312,1,2,10,0,0,0,0,91,1
1,0,1,7,322,0,300,0,9,25,3,84,0,0,346,1
2,0,0,0,134,0,295,0,25,6,10,319,1,0,334,0
3,0,0,0,307,0,0,0,5,0,26,307,0,0,329,1
0,0,0,0,45,0,68,1,4,3,0,0,0,0,45,0
1,0,0,0,102,0,602,0,2,6,5,42,1,0,102,0
2,0,0,0,586,0,195,0,5,16,3,94,0,0,636,1
3,0,0,0,219,0,233,0,15,25,6,589,0,0,229,1
4,0,0,0,255,0,608,0,25,26,16,209,0,0,267,1
5,0,0,0,591,0,300,0,26,25,26,246,1,0,642,1
6,0,0,0,134,0,439,0,25,6,27,595,1,0,334,0
7,0,0,0,443,0,303,0,5,15,26,307,0,0,473,1
8,0,0,0,314,0,444,0,14,16,6,439,1,0,337,0
9,0,0,0,448,0,187,0,15,6,15,310,0,0,478,1
10,0,0,0,211,0,555,0,5,19,16,443,0,0,221,1
11,0,0,0,547,0,225,0,18,20,6,202,1,0,589,0
12,1,0,0,250,0,438,0,20,10,19,545,0,0,259,1
13,1,0,0,442,0,0,0,9,0,21,238,0,0,472,1
0,0,0,0,47,0,179,1,13,25,0,0,0,0,47,0
1,0,0,0,204,0,464,0,25,20,14,44,1,0,213,1
2,1,0,0,465,0,68,0,20,3,26,194,0,0,498,0
3,0,0,0,102,0,323,0,2,6,21,461,1,1,102,0
4,0,0,0,333,0,595,0,5,6,3,94,0,0,357,1
5,0,0,0,580,0,122,0,5,1,6,328,0,0,629,1
6,0,0,0,151,0,539,0,0,3,6,583,1,0,156,0
7,0,0,0,532,0,300,0,2,25,1,144,1,0,573,1
8,0,0,0,134,0,68,0,25,3,3,529,1,0,334,0
9,0,0,0,102,0,360,0,2,6,26,307,1,1,102,0
10,0,0,0,367,0,148,0,5,10,3,94,0,0,394,1
11,0,1,7,175,0,0,0,9,0,6,365,0,0,182,1
0,0,0,0,47,0,440,1,13,16,0,0,0,0,47,0
1,0,0,0,444,0,618,0,15,25,14,44,0,0,474,1
2,1,0,0,599,0,87,0,25,1,16,440,0,0,652,1
3,0,0,0,120,0,606,0,0,28,26,605,1,0,121,0
4,0,0,0,589,0,302,0,28,14,1,111,1,0,640,1
5,0,1,10,313,0,179,0,13,25,29,593,1,2,336,0
6,0,0,0,204,0,302,0,25,14,14,309,1,0,213,1
7,0,1,10,313,0,264,0,13,25,26,194,1,2,336,0
8,0,0,0,278,0,302,0,25,14,14,309,1,0,298,0
9,0,1,10,313,0,300,0,13,25,26,272,1,2,336,0
10,0,0,0,134,0,293,0,25,16,14,309,1,0,334,0
11,0,0,0,305,0,502,0,15,6,26,307,0,0,327,1
12,0,0,0,497,0,0,0,5,0,16,301,0,0,536,1
